"V1","V2","V3","V4","V5","V6","V7","V8","V9","V10","V11","V12","V13","V14","V15","V16","V17","V18","V19","V20","V21","V22","V23","V24","V25","V26","V27","V28","V29","V30","V31","V32","V33","V34","V35","V36","V37","V38","V39","V40","V41","V42","V43","V44","V45","V46","V47","V48","V49","V50","V51","V52","V53","V54","V55","V56","V57","V58","V59","V60","V61","V62","V63"
2.28,7.07,2.03,0.21,0.67,0.67,324.07,74.21,133.17,NA,0.68,2.11,3.11,44.39,67.83,18.41,0.75,6403.51,21.62,37.5,69.11,5.57,15.68,2.91,0.41,0.87,0.87,190.11,39.48,86.7,0,0.65,1.82,2.82,61.81,64.51,23.57,0.89,7605.46,9.23,29.38,71.31,1.57,2.98,0.89,0.13,0.67,0.67,205.85,36.37,53.03,NA,0.47,0.9,1.9,66.26,47.24,21.17,0.86,11187.05,12.21,36.48,79.26
-157.08,-329.55,-151.74,0.74,0.74,0.74,351.62,NA,181.99,NA,0.52,1.1,2.1,-157.08,52.33,-300.16,0.78,NA,0,0,0,0.03,34.79,0.38,0.01,0.01,0.01,4513.07,12.73,4459.53,NA,1,1129.25,1130.25,0.05,99.91,5.44,0,NA,0,0.28,0.38,-4.09,-51.33,-21.27,3.89,4.08,4.08,1899.29,5.52,30.02,NA,0.92,11.56,12.56,-4.04,92.04,10.85,1.05,747655,81.7,0.26,0.32
2.79,8.8,0.32,0.36,0.61,0.84,41.9,5.04,18.11,4.55,0.68,2.16,3.16,47.64,68.31,4.08,0.87,NA,4.63,5.16,86.23,1.8,7.6,0.51,0.1,0.94,0.94,102.5,58.92,70.15,0,0.76,3.23,4.23,41.82,76.33,10.82,0.88,NA,0.35,11.27,77.84,21.84,57.1,9.91,1.13,1.29,1.29,165.65,15.51,71.61,NA,0.62,1.61,2.61,43.23,61.74,45.67,1.87,NA,17.91,9.71,40.17
10.29,28.26,3.55,0.12,1.33,1.38,125.46,95.59,78.87,3.41,0.64,1.75,2.75,13.54,63.58,24.25,2.62,36066,0,1.12,14.82,2.47,2.83,1.5,4.36,6.61,6.96,220.85,62.18,13.11,9.76,0.13,0.15,1.15,6.15,12.69,62.4,6.96,NA,6.66,2.23,24.29,-7.09,-8.99,-2.74,2.19,4.17,4.23,140.97,56.66,28.59,1.89,0.21,0.26,1.27,0.39,21.16,13.73,6.1,18377,0,2.89,32.39
3.08,3.4,0.7,6.6,10.57,10.57,28.86,30.71,7.74,0,0.09,0.1,1.1,3.08,9.46,32.53,NA,NA,0,0,0,6.32,6.42,0.99,67.48,67.64,67.64,57.22,0.13,0.84,0,0.01,0.02,1.02,6.32,1.48,427.71,NA,NA,0,0,0,0.11,0.11,0.18,2769,2769,2769,598.22,NA,0.21,NA,0,0,1,0.11,0.04,300,NA,NA,0,0,0
-30.61,-33.64,-23.49,11.53,11.53,11.53,279.41,0,23.96,0,0.09,0.1,1.1,24.9,9.03,-338.77,NA,NA,0,42.61,208.53,25.53,28.61,14.92,1.99,9.64,9.64,212.76,166.96,21.83,0,0.11,0.12,1.12,57,10.74,237.78,NA,NA,0,18.39,52.94,5.58,6.04,2.78,2.75,14.26,14.26,181.97,144.83,12.58,NA,0.08,0.08,1.08,52.57,7.54,73.98,NA,4650,0,23.42,85.46
12.15,13.86,10.27,0.07,5.23,5.31,307.66,85.92,16.66,1.43,0.11,0.12,1.14,41.49,12.38,444.89,1.35,27790.78,0,24.8,35.3,18.05,20.68,15.01,0.05,7.48,7.48,302.74,167.76,22.59,0,0.12,0.14,1.15,47.95,12.74,360.51,2.2,NA,0,24.87,37.38,16.21,17.6,19.7,5.15,16.98,17.02,443.5,173.43,14.67,0.67,0.08,0.09,1.09,40.55,7.9,429.34,2.27,23190.82,0,29.57,38.13
-3.31,-3.38,-0.08,21.1,49.14,49.14,8.73,0,0.18,0,0.02,0.02,1.02,-3.31,2.03,-162.62,NA,NA,0,0,0,3.88,3.92,0.19,100.26,100.28,100.28,18.07,0,0.18,0,0.01,0.01,1.01,3.88,1,388.89,NA,NA,0,0,0,4.04,4.17,0.61,21.9,21.9,33.52,55.26,NA,1.63,19.17,0.03,0.03,1.03,4.04,2.98,135.47,NA,NA,0,0,0
-13.64,-105.39,-7.81,0.16,0.67,0.67,208.45,90.04,179.48,0,0.87,6.73,7.73,20.43,87.06,-15.66,0.31,3704,0,19.51,139.82,0.01,0.2,0.02,0.64,0.86,0.86,574.57,116.07,532.95,0,0.94,15.91,16.91,16.01,94.09,0.01,0.31,5740,0,25.25,92.84,0.19,2.96,0.22,0.63,0.85,0.85,427.06,87.87,394.35,NA,0.94,14.68,15.68,17.43,93.62,0.2,0.32,5971,0,20.17,91.88
-14.93,-35,-85.72,1.73,1.74,1.74,1337.63,13.56,1176.13,0,0.57,1.34,2.34,-14.93,57.33,-26.04,NA,NA,0.43,0,0,11.94,70.71,2.34,0.69,0.77,0.87,71.39,3.69,47.12,4.71,0.83,4.92,5.92,14.39,83.12,31.17,0.79,NA,0,0.48,6.84,30.41,73.5,7.32,2.04,2.27,2.74,87.81,5.95,26.05,12.4,0.59,1.42,2.42,32.07,58.63,66.76,4.01,61417,14.15,0.4,3.18
-31.53,-456.31,-166.77,0.02,0.02,0.02,1925.16,NA,1772.43,NA,0.93,13.47,14.47,-31.53,93.09,-21.83,0.07,NA,0,0,0,-20.53,-121.4,-114.41,0.04,0.09,0.24,2028.44,85.15,1666.87,239.96,0.83,4.91,5.91,-20.53,83.09,-4.25,0.21,NA,0,0,0,-2.47,-17.36,-18.33,0.12,0.25,0.33,2705.5,290.45,2288.24,185.3,0.86,6.02,7.02,-2.47,85.75,6.49,0.2,NA,0,0,0
-67.41,452.49,-58.31,0.11,0.71,0.78,314.84,207.99,348.86,26.33,1.15,-7.71,-6.71,-42.17,114.9,-2.55,-1.37,NA,0,21.83,-198.97,22.47,123.88,42.78,0.32,0.81,0.84,693.18,272.2,558.64,17.35,0.82,4.51,5.51,22.84,81.86,32.37,0.59,NA,0,0.72,1.23,-5.03,-55.83,-3.37,0.2,0.9,0.92,244.18,152.82,218.03,3.74,0.91,10.09,11.09,18.94,90.98,3.43,0.58,10381,0,16.04,78.82
6.81,35.73,3.02,0.22,1.07,1.08,161.67,99.03,103.29,0.2,0.81,4.23,5.25,72.55,80.94,28.8,1.29,11551.27,7.92,29.2,68.15,0.08,0.31,0.04,0.06,0.71,1.04,174.05,78.85,121.05,41.44,0.75,3.08,4.09,72.28,75.57,22.06,0.97,9824.38,0.16,34.52,79.49,0.51,2.58,0.29,0.08,1,1.16,207.19,142.76,144.22,24.87,0.8,4.05,5.07,49.97,80.26,6.89,1.88,9996.58,5.56,28.08,79.75
13.02,19.52,12.06,0.27,3.04,3.3,337.37,213.89,85.63,22.07,0.33,0.5,1.5,35.81,33.33,65.58,4.46,22746.21,0,21.13,46.52,2.23,4.23,2.65,0.06,2.06,2.07,433.12,356.25,189,1.59,0.47,0.9,1.9,18.91,47.31,14.34,6.19,NA,0,19.84,64.24,-0.39,-0.57,-0.51,0.39,2.9,2.91,481.18,326.77,143.25,2.12,0.32,0.47,1.47,18.48,32.13,17.48,5.78,16045.55,0,24.88,66.81
11.67,14.18,15.17,1.49,4.32,4.57,473.18,215.79,76.3,19.91,0.18,0.22,1.22,40.76,17.74,99.28,3.25,NA,0,37.81,56.08,14.81,41.95,21.56,0.79,1.34,1.37,529.79,180.15,331.67,11.11,0.65,1.83,2.83,34.78,64.7,29.09,2.69,NA,0,29.07,43.05,36.1,45.67,24.59,2.69,4.37,4.5,248.63,80.19,47.74,6.32,0.21,0.26,1.26,64.21,20.95,191.05,6.57,NA,0,19.15,36.11
-30.47,45.4,-14.49,0.17,0.46,1.2,173.1,29.31,99.08,74.1,1.67,-2.49,-1.49,32.6,167.11,-2.42,-1.81,NA,0,29.99,94.63,-22.25,26.81,-21.31,0.13,0.2,0.41,348.59,41.61,587.21,127.65,1.83,-2.2,-1.2,13.48,183.02,2.92,-2.36,NA,0,34.22,113.34,15.21,-20.52,10.25,0.17,0.24,0.49,246.1,27.55,401.42,102.65,1.74,-2.35,-1.35,51.73,174.13,17.06,-3.72,21819,0,24.63,83.49
19.43,20.98,24.74,0.77,11.4,11.44,463.66,329.85,31.04,1.41,0.07,0.08,1.08,33.96,7.39,405.3,4.16,30671.27,0,18.52,29.14,16.97,19.57,23.02,3.68,6.34,6.34,493.75,164,61.66,0.15,0.13,0.15,1.15,28.27,13.29,186.86,4.42,NA,0,15.33,30.02,5.28,6.53,8.48,2.4,4.67,4.68,586.33,242.91,106.68,0.83,0.19,0.24,1.24,12.66,19.14,61.31,6.06,30932,0,11.86,35.14
13.97,86.68,21.89,0.25,1.07,1.26,570.08,146.76,211.45,40.42,0.38,2.35,6.2,13.97,83.88,65.27,0.31,NA,0,0,0,6.77,30.86,9.98,0.1,1.05,1.05,536.95,180.8,227.92,0,0.43,1.96,4.56,6.77,78.07,40.73,0.41,NA,0,0,0,-16.85,-139.48,-37.26,0.53,0.89,0.89,806.9,71.96,415.8,NA,0.52,4.32,8.28,-16.85,87.92,1.44,0.23,NA,0,0,0
-0.08,-8.37,-53.92,NA,NA,NA,237422.46,2247.04,0,0,0.99,100.23,101.23,-0.08,99.01,-0.08,1.01,NA,0,0,0,-0.07,-7.57,-3.9,NA,NA,NA,20467.81,193.16,NA,NA,0.99,108.2,109.2,-0.07,99.08,-0.07,1.01,NA,0,0,0,0.15,14.38,9.66,NA,NA,NA,22882.4,206.95,NA,NA,0.99,92.35,93.35,0.15,98.93,0.16,1.01,NA,0,0,0
8.17,10.24,4.6,0.32,6.38,6.38,205.18,192.67,31.82,0,0.2,0.25,1.25,148.46,20.23,40.37,NA,14441,0,79.08,92.96,-9.93,-13.11,-4.96,0.28,4.49,4.49,181.96,168.65,40.04,NA,0.24,0.32,1.32,179.83,24.29,-40.87,NA,12049.05,0,94.86,105.27,-16.15,-21.82,-12.75,0.32,3.77,3.77,288.03,225.08,65.18,NA,0.26,0.35,1.35,113.87,25.96,-62.23,NA,11663.73,0,102.61,113.72
27.19,52.34,22.03,0.1,1.62,1.62,294.94,83.35,23.92,NA,0.28,0.54,1.92,53.92,48.04,138.17,0.87,NA,10.64,21.66,35.68,21.9,37.37,24.49,0.22,1.42,1.42,406.92,166.72,28,NA,0.41,0.71,1.71,40.59,41.39,69.8,1.3,NA,30.04,20.89,33.52,25.59,74.16,17.55,0.04,1.46,1.46,250.3,153.46,62.68,NA,0.48,1.39,2.9,42.73,65.5,62.22,1.06,46510.55,19.68,11.76,31.35
-9.5,-56.52,-9.37,0.05,0.74,0.76,359.1,79.82,245.08,5.73,0.83,4.95,5.95,21.93,83.2,-7.98,0.43,4298.83,8.22,31,127.5,12.43,40.57,8.75,0.08,0.9,0.91,256.31,47.93,158.65,1.53,0.69,2.26,3.26,60.72,69.37,19.94,0.73,9407.09,0,34.01,70.49,9.69,23.53,7.86,0.24,0.86,0.86,296.24,53.82,166.74,0.24,0.59,1.42,2.43,47.99,58.84,16.68,0.83,8225.35,0.01,31.09,68.26
5.78,56.72,29.42,0.05,0.42,0.42,1854.09,617.28,1646.98,0,0.9,8.82,9.82,5.78,89.82,20.23,0.16,NA,0,0,0,-0.31,-3.68,-0.93,0.06,0.63,0.63,1095.97,565.39,993.4,0,0.92,10.97,11.97,-0.31,91.65,11.12,0.2,NA,0,0,0,-1.6,-285.7,-4.43,0,0.17,0.17,1010.68,170.84,991.25,NA,0.99,177.54,178.54,-1.6,99.44,11.98,0.01,NA,0,0,0
69.03,82.57,24.48,4.63,6.22,6.22,129.07,29,18.15,NA,0.16,0.2,1.2,99.33,16.4,480.49,7.45,NA,0,10.74,27.36,28.83,47.59,5.27,1.28,2.64,2.64,66.57,31.07,22.83,0,0.39,0.65,1.65,100.7,39.42,111.8,7.88,NA,0,13.14,58.65,61.36,76.56,26.15,1.85,5.04,5.04,155.52,90.46,28.32,NA,0.2,0.25,1.25,86.13,19.85,334.13,11.74,20265.25,0,10.55,26.16
-5.82,-6.37,-2.02,4.35,15.17,15.17,126.68,89.36,8.26,NA,0.09,0.09,1.09,-5.82,8.68,-67.07,NA,NA,0,0,0,5.56,6.45,8.83,0.02,7.24,7.24,578.14,570.11,78.95,NA,0.14,0.16,1.16,5.56,13.81,40.27,NA,NA,0,0,0,-30.9,-33.31,-6.59,0.57,13.68,13.68,77.84,72.88,5.56,0,0.07,0.08,1.08,-30.9,7.24,-427.01,NA,NA,0,0,0
1.8,8.11,67.74,0.01,0.21,0.21,13666.79,1973.08,9843.62,NA,0.77,3.48,4.5,1.8,77.76,2.75,0.32,NA,0,0,0,3.08,7.94,24.62,0.89,1.06,1.06,2908.7,30.73,37.9,NA,0.61,1.56,2.58,3.08,61.22,12.25,1.01,NA,53.97,0,0,3.33,7.78,26.24,1.28,1.46,1.46,2876.36,32.02,40.18,0,0.57,1.32,2.34,3.33,57.18,13.69,1.04,NA,49.81,0,0
0,0,0,0,2.75,2.75,364,0,130.91,0,0.36,0.57,1.57,45.45,36.36,0,NA,NA,0,45.45,100,12.5,14.29,5.88,4,4,8,171.29,NA,21.18,85.88,0.13,0.14,1.14,50,12.5,100,NA,NA,0,17.65,75,0.47,0.16,0.26,-0.09,-0.09,-0.54,199.38,0,-362.5,165.02,-1.84,-0.65,0.35,113.58,-184.34,-0.25,NA,2679,0,61.79,99.48
-0.39,-351.98,-0.19,0.18,0.96,0.96,176.57,0.69,144,0,1,897.81,899.42,54.94,99.89,10.64,0.54,6175.35,8.97,26.84,77.11,7.45,101.57,2.66,0.18,1.12,1.12,129.84,0.27,100.87,0.01,0.93,12.62,13.64,72.64,92.67,22.98,1.28,6380.55,6.53,23.26,69.55,2.02,16.67,0.8,0.18,1.24,1.24,145.02,3.04,110.74,0,0.88,7.27,8.27,63.78,87.9,12.27,4.03,6499.96,2.81,24.54,82.49
13.46,56.89,4.26,1.27,1.27,1.27,115.18,NA,86.55,NA,0.76,3.23,4.23,45.46,76.33,19.88,7.05,NA,0,10.13,63.61,-217.53,208.9,-74.67,0.47,0.48,0.48,124.95,1.07,234.96,NA,2.04,-1.96,-0.96,4.74,204.13,-102.55,-12.47,NA,0,76.3,4418.11,46.88,167.73,7.95,0.05,1.4,1.4,61.86,58.82,43.62,NA,0.72,2.58,3.58,74.23,72.05,67.11,NA,15019,0,4.64,35.75
1.93,3.75,1.14,0.41,1.36,1.39,215.49,79.63,75.19,2.86,0.47,0.92,1.95,18.91,48.65,14.44,1.43,NA,4.09,10.05,71.2,1.01,2.47,0.55,0.04,1.32,1.34,195.81,130.99,99.31,1.77,0.59,1.43,2.43,17.61,58.93,8.7,1.57,17397.67,1.81,8.93,62.93,0.25,0.87,0.12,0.08,1.19,1.24,182.43,136.64,89.75,5.68,0.71,2.48,3.49,14.68,71.34,4.3,2.02,10591.98,19.06,7.21,78.67
4.45,6.44,6.84,0.88,1.91,1.91,559.2,157.94,153.42,0.47,0.31,0.45,1.45,27.27,30.86,26.32,1.87,NA,0,35.06,68.99,4.74,6.26,6.07,0.45,3.29,3.29,465.99,239.23,84.34,0.16,0.24,0.32,1.32,23.85,24.21,40.55,1.98,NA,0,24.45,61.25,3.03,3.58,3.66,2.79,5.15,5.18,440.49,118.3,49.95,1.19,0.15,0.18,1.18,24.88,15.23,53.47,2.17,14948.13,0,26.36,68.69
-3.98,-160.38,-18.43,0.08,0.16,0.96,1685.03,133.12,1625.13,1324.86,0.98,39.27,40.27,-3.98,97.52,-3.92,0.42,NA,0,0,0,1.41,42.28,4.74,0,0.06,1.15,1224.58,60.84,1010,1106.52,0.97,29.01,30.01,1.41,96.67,1.58,3.69,NA,0,0,0,-0.18,-8.01,-0.72,0.02,0.26,2.38,1427.9,113.26,476.08,1026.04,0.98,42.5,43.5,-0.18,97.7,-0.1,3.4,NA,0,0,0
-29.85,-137.21,-22.63,0.31,1.93,1.99,275.94,142.53,122.44,7.79,0.78,3.6,4.6,4.27,78.25,-30.09,7.73,4739.55,0,25.87,324.48,-11.27,-75.96,-97.25,0.15,1.82,1.97,3139.86,1713.31,1437.4,214.91,0.85,5.74,6.74,-2.9,85.16,-11.22,7.86,NA,0,72.26,297.88,8.44,33.8,3.22,0.12,1.93,2.13,139.01,70.84,58.06,11.67,0.73,2.94,4.01,59.48,75.03,15.03,13.32,29447.73,0,19.49,70.14
7.91,78.27,3.22,0.15,0.66,0.66,148.19,64.75,128.28,0.67,0.9,8.88,9.9,14.22,89.9,10.28,1.1,41725.82,1.21,2.57,34.55,0.86,25.09,0.54,0.1,0.93,0.93,226.9,179.32,215.32,0.06,0.97,28.1,29.1,5.92,96.56,2.93,0.35,32838,0.28,3.15,56.67,-10.87,249.29,-12.58,0.04,0.7,0.7,422.44,255.18,390.07,0.3,1.04,-23.92,-22.93,-0.6,104.36,-6.36,0.16,2498.8,0,11.89,560.14
0.72,1.6,29.56,162.91,204.12,204.12,7144.06,1739.18,42.2,NA,0.55,1.22,2.22,0.72,54.94,4.38,1.08,NA,0,0,0,2.69,100,3.6,0.87,1.08,1.08,487.01,100.27,468.69,NA,0.97,36.13,37.13,2.69,97.31,29.65,-0.1,NA,0,0,0,0.08,0.33,1.37,29.97,36.01,36.01,6406.72,639.92,105.96,NA,0.77,3.27,4.27,0.08,76.55,2.78,0.61,NA,0,0,0
0.02,0.11,0.03,0.48,1.1,1.27,569.05,105.92,221.57,40.02,0.42,2.18,5.23,16.72,80.89,17.97,0.41,5182.88,2.15,26.11,85.4,0.14,0.56,0.28,0.49,1.25,1.55,699.79,157.04,189.2,64.81,0.3,1.19,3.9,18.01,74.36,27.02,0.49,4526.29,2.78,34.35,92.31,0.1,0.43,0.14,0.51,1.23,1.41,532.47,145.52,191.26,37.97,0.4,1.75,4.37,17.24,77.12,8.28,0.52,NA,2.52,25.01,79.29
16.62,16.62,79.49,NA,NA,NA,1740.96,179.93,0,0,0,0,1,16.62,0,NA,NA,NA,0,0,0,45.71,45.44,78.85,-158.59,-170.45,-170.45,627.93,43.22,-3.64,0,-0.01,-0.01,0.99,45.71,-0.59,-7790.74,NA,NA,0,0,0,-0.19,-0.18,NA,-12.27,-13.67,-13.67,NA,NA,NA,NA,-0.07,-0.07,0.93,-0.19,-7.31,2.66,NA,NA,0,NA,0
1.74,13.69,0.43,0.37,0.87,1.36,90.09,32.54,64.77,32.48,0.83,6.49,7.87,47.9,87.29,2.34,29.31,6837.18,9.55,11.42,96.43,3.25,19.28,0.87,0.24,0.43,1.15,96.88,13.6,68.19,53.33,0.76,4.53,5.92,57.4,83.12,9.14,1.42,6773,4.91,14.41,90.1,0.84,5.61,0.37,0.13,0.32,1.25,159.36,21.5,98.21,106.47,0.85,5.67,6.67,43.72,85.01,0.99,2.81,5188,22.08,18.72,103.22
8.17,59.07,9.41,0.01,0.62,0.7,419.43,138.21,199.58,18.71,0.78,5.66,7.23,26.8,86.17,20.79,0.59,NA,26.07,21.47,50.03,2.66,16.75,3.2,0.05,0.37,0.44,437.21,67.87,198.24,17.85,0.66,4.13,6.29,20.72,84.09,17.57,0.36,14817.06,17,21.69,65.33,-0.8,-6.08,-1.04,0,0.45,0.54,476.28,133.92,245.9,30.1,0.73,5.55,7.63,20.95,86.9,10.31,0.28,16326.23,16.86,28.37,73.36
2.76,87.92,37.28,0,0.01,0.01,4917.95,35.91,4711.25,NA,0.97,30.86,31.86,3.69,96.86,6.66,0.03,NA,0,12.62,29.38,1.29,79.8,46.15,0.01,0.46,0.61,12975.57,5600.31,12624.77,1916.44,0.98,60.64,61.64,1.94,98.38,3.88,0.04,NA,0,22.9,20.59,2.5,90.19,18.68,0,0.44,0.78,2722.38,1135.3,2610.54,904.75,0.97,35.02,36.02,3.38,97.22,4.42,0.11,NA,0,6.52,64.64
-14.17,127.04,NA,0.02,0.04,0.04,NA,NA,NA,NA,1.11,-9.97,-8.97,-14.17,111.15,-12.74,-0.12,NA,0,NA,0,-9,129.31,NA,0.14,0.14,0.14,NA,NA,NA,NA,1.07,-15.37,-14.37,-9,106.96,-8.41,-0.08,NA,0,NA,0,-0.97,12.11,NA,0.13,0.13,0.13,NA,NA,NA,NA,1.08,-13.51,-12.51,-0.97,107.99,-0.9,-0.09,NA,0,NA,0
13.95,27.62,7.28,0.84,1.68,1.69,190.11,76.26,90.18,0.44,0.5,0.98,1.98,54.21,49.51,36.28,2.93,NA,0,21.03,62.43,27.49,39.08,13.63,1.46,2.96,2.97,180.54,72.98,49.16,0.51,0.3,0.42,1.42,71.74,29.66,107.73,3.98,NA,0,21.95,51.44,7.78,9.65,4.58,1.65,4.88,4.96,214.54,103.37,32.58,2.57,0.19,0.24,1.24,71.66,19.36,67.17,3.56,15644.96,0,37.54,79.01
11.56,35.65,4.66,0.1,1.09,1.09,146.79,95.79,70.66,0.05,0.68,2.08,3.08,52.63,67.58,39.37,1.19,25645.58,17.67,16.56,54.79,10.91,33.59,4.71,0.01,1.14,1.14,157.2,116.16,64.43,0.22,0.68,2.08,3.08,54.13,67.52,22.33,1.35,24237.89,24.33,18.66,65.47,14.74,38.17,8.32,0.1,1.12,1.14,206.02,122.95,79.54,2.26,0.61,1.59,2.59,60.74,61.39,32.92,1.22,22930.55,19.87,25.96,62.83
15.53,70.24,11.79,0.29,1.16,1.32,276.37,165.07,181.31,29.72,0.78,3.52,4.52,27.68,77.89,23.53,3.85,NA,3.12,9.22,33.36,-0.53,-1.66,-0.35,0.97,1.53,1.55,235.49,78.26,128.59,2.46,0.68,2.11,3.11,22.03,67.82,5.29,5.4,NA,4.01,14.6,67.62,-1.57,-4.99,-1.28,1.11,1.51,1.51,297.04,71.23,182.18,NA,0.69,2.18,3.18,28.98,68.51,4.56,5.79,10118.67,0,24.86,80.44
-7.94,63.32,-2494.14,0.01,0.04,0.06,114290.96,3068.43,20590.25,1319.13,1.12,-8.95,-7.97,-7.88,112.55,-5.61,0.29,-27438,54.01,20.02,-1.15,4.24,-49.89,4.09,0.14,6.7,6.7,351.15,332.75,50.75,NA,1.08,-12.76,-11.76,4.24,108.5,4.14,41.48,NA,50.14,0,0,0.23,-1.23,62.3,0.25,8.62,8.62,100273.03,93931.92,11222.39,NA,1.18,-6.4,-5.41,0.23,118.5,0.44,41.23,NA,55.06,0,0
2.2,31.78,0.4,-0.05,1.07,1.3,66.06,52.31,46.37,10.61,0.93,13.39,14.44,40.29,93.08,11.77,1.45,NA,0.3,6.91,68.55,0.28,14.29,0.17,-0.08,1.28,1.32,220.39,220.34,161.34,6.83,0.98,50.64,51.61,13.09,98.06,2.84,1.74,NA,0.02,7.76,71.05,3.71,51.18,1.35,0.07,1.04,1.08,132.68,114.8,100.52,4.51,0.93,12.8,13.81,17.67,92.76,5.4,4.72,11134.8,13.75,5.07,62.39
0,0,NA,NA,NA,NA,NA,NA,NA,NA,0,0,1,0,0,NA,NA,NA,0,NA,NA,0,0,NA,NA,NA,NA,NA,NA,NA,NA,0,0,1,0,0,NA,NA,NA,0,NA,NA,0,0,NA,NA,NA,NA,NA,NA,NA,NA,NA,NA,1,0,0,NA,NA,NA,0,NA,NA
9.08,105.62,2.84,0.65,0.66,0.68,113.66,0.68,100.3,1.93,0.91,10.63,11.63,56.75,91.4,21.12,0.26,NA,0,14.88,74.36,9.47,54.17,3.19,0.68,0.88,0.88,122.57,19.46,96.94,NA,0.83,4.72,5.72,60.08,82.51,19.42,0.64,NA,0,17.04,75.2,14.89,45.33,3.71,0.53,0.82,0.82,90.93,16.46,56.89,NA,0.67,2.04,3.04,80.14,67.14,31.39,0.72,16834.08,0,16.25,71.13
-9.53,-10,NA,NA,NA,NA,NA,NA,NA,NA,0.05,0.05,1.05,-9.53,4.68,-203.5,NA,NA,0,NA,0,18.65,34.79,8.04,1.51,2.24,2.24,156.86,49.97,68.7,NA,0.46,0.86,1.86,101.35,46.38,40.34,NA,NA,0,35.64,75.54,-8.13,-12.28,-1.69,1.92,4.05,4.05,75.94,38.7,18.15,NA,0.34,0.51,1.51,182.66,33.86,-24.09,NA,15686,0,39.69,102.24
1.35,3.96,0.35,0,0.69,0.75,93.85,39.32,55.37,3.6,0.66,1.94,2.94,36.96,65.95,8.69,0.68,8418.66,2.18,9.18,89.82,1.68,5.29,0.6,0,0.84,0.84,130.58,69.3,74.22,0.11,0.68,2.15,3.15,30.39,68.29,7.75,0.74,NA,7.02,10.3,71.93,2.28,5.35,0.57,0.51,0.97,1.05,90.5,22.51,48.47,3.78,0.57,1.34,2.34,37.79,57.34,10.15,1.56,10909.31,0,8.81,84.51
8.66,18.76,0.71,0.77,1.86,1.86,29.99,17.45,15.91,0,0.54,1.17,2.17,22.65,53.83,16.08,NA,9134,0,1.15,55.55,0.43,7.93,0.3,0,1.06,1.06,258.85,255.61,232.7,NA,0.95,17.52,18.52,1.99,94.6,0.45,NA,8582,3.6,1.11,61.41,0.76,6.42,0.68,0.25,1.08,1.08,330.91,237.83,287.72,NA,0.88,7.5,8.5,5.22,88.23,1.89,2.59,7961.33,0,4.05,61.76
2.98,9.84,0.44,0.25,0.69,1.1,53.84,15.31,26.55,14.69,0.7,2.3,3.3,91.67,69.67,18.58,1.79,NA,17.13,13.12,81.08,2.3,7.56,0.33,0.88,1.27,1.3,52.68,13.82,35.81,1.44,0.7,2.28,3.28,73.49,69.53,12.32,4.36,NA,0,10.3,81,-36.46,-325.98,-3.61,0.39,0.95,1.08,36.09,17.64,30.43,3.87,0.89,7.94,8.94,36.1,88.82,-33.28,2.7,NA,2.84,7.17,141.2
-147.82,-291.24,-150.08,0.82,0.82,0.82,190.88,NA,180,NA,0.49,0.97,1.97,-147.82,49.25,-300.16,0.85,NA,0,0,0,-1.33,-24.64,-19.19,0.02,0.06,0.06,5254.26,202.61,12.83,NA,0.94,17.47,18.53,-1.33,94.6,4.27,0.17,NA,83.57,0,0,-0.77,-15.16,-3.99,34.33,35.2,35.2,1903.18,5.37,6.15,0,0.95,18.8,19.8,-0.77,94.95,13.79,1.13,NA,82.93,0,0
-5.43,76.97,-184.65,0,0.01,0.01,12367.07,82.32,10229.43,0,1.07,-15.16,-14.16,-1.96,107.06,-4.14,-0.07,NA,23.4,118.11,614.47,0.63,-10.05,8.42,0,0.01,0.01,4851.42,30.78,3845.59,0,1.06,-16.91,-15.91,2.15,106.29,1.26,-0.05,NA,23.5,20.2,29.71,-7.29,50.72,-46.24,0.01,0.02,0.02,2315.51,34.14,2172.98,5.11,1.14,-7.96,-6.96,-6.87,114.37,-5.56,-0.14,-28982,15.43,2.66,-10.93
-1.34,-1.34,NA,NA,NA,NA,NA,NA,NA,NA,NA,NA,1,-1.34,0,NA,NA,NA,0,NA,0,-20.74,912.75,-14.08,0.54,0.87,0.98,247.18,80.73,249.84,27.17,1.02,-45.01,-44.01,59.01,102.27,-15.56,NA,2210,0,54.16,122.75,-9.64,78.97,-4.98,0.57,0.88,0.89,188.62,63.16,208.37,2.94,1.12,-9.19,-8.19,47.92,112.21,-8.59,NA,10456,0,29.74,115.95
4.04,11.09,1.15,5.58,5.58,5.58,103.16,NA,7.48,NA,0.64,1.74,2.74,4.04,63.56,52.24,1.59,NA,0,0,0,5.57,13.15,1.27,3.82,3.82,3.82,82.86,NA,14.41,NA,0.58,1.36,2.36,5.57,57.64,65.74,2.55,NA,0,0,0,-24.41,-43.93,-1.7,2.23,2.23,2.23,25.36,NA,11.11,NA,0.44,0.8,1.8,-24.41,44.43,82.4,NA,NA,0,0,0
-3.33,-3.33,NA,NA,NA,NA,NA,NA,NA,NA,0,0,1,-3.33,0,NA,NA,NA,0,NA,0,-5.54,-5.54,NA,NA,NA,NA,NA,NA,NA,NA,NA,NA,1,-5.54,0,NA,NA,NA,0,NA,0,1.33,45.1,1.72,0.14,1.03,1.03,470.95,401.28,450.79,NA,0.97,32.88,33.88,1.33,97.05,1.37,NA,NA,0,0,0
0.23,5.07,0.43,0.33,0.47,0.47,676.59,91.7,638.36,0.9,0.95,20.73,21.73,7.74,95.4,13.76,0.08,11168,0,13.96,34.16,-16.86,172.65,-42.99,0.29,0.32,0.33,928.17,38.68,1007.58,0.64,1.1,-11.24,-10.24,-6.37,109.77,2.75,-0.15,4754,0,26.73,72.65,-21.26,-126.88,-420.63,0.07,0.07,0.07,7219.86,32.75,5925.17,NA,0.83,4.97,5.97,-11.47,83.24,-8.04,0.18,-1500,0,193.8,-360.73
-9.1,77.53,-28.02,0.01,0.05,0.08,1121.1,15.63,443.76,15.86,1.12,-9.52,-8.52,4.65,111.73,-8.14,0.61,2289,0,42.35,263.1,-3.81,-26.48,-7.89,0.07,0.09,0.13,753.97,4.37,213.16,8.29,0.86,5.95,6.95,14.14,85.61,-4.45,0.74,NA,0,37.18,120.08,0.21,1.6,0.39,0.01,0.02,0.05,669.98,2.85,315,9.87,0.87,6.54,7.54,16.24,86.74,4.73,0.54,7705.27,-11.87,29.42,73.92
7.12,15.59,3.15,1.14,1.89,1.89,160.75,43.7,83.42,0,0.54,1.19,2.19,56.49,54.31,13.08,NA,NA,0,21.8,73.12,37.67,44.24,20.38,4.48,7.25,7.25,196.88,34.16,26.74,0,0.15,0.17,1.17,85.98,14.84,255.93,NA,NA,0,26.13,52.56,40.59,52.37,16.39,3.37,5.22,5.22,147.36,28.22,26.96,NA,0.22,0.29,1.29,98.81,22.48,182.16,34.41,13640.03,0,23.5,54.52
3.22,7.13,0.28,NA,NA,NA,31.21,NA,NA,NA,NA,NA,2.21,262.42,54.85,NA,1.46,NA,0,22.22,92.4,13.96,52.1,2.11,NA,NA,NA,55.01,NA,NA,NA,0.33,1.23,3.73,154.8,73.2,82.13,1.75,NA,0,21.29,80.44,6.63,49.73,1.63,NA,NA,NA,89.73,NA,NA,NA,0.11,0.8,7.5,114.91,86.67,132.03,2.34,NA,0,26.62,85.74
19.9,34.29,3.76,1.48,1.92,1.92,68.7,12.43,28.51,NA,0.42,0.72,1.72,40,41.96,83.63,3.04,9604,0,3.79,29.62,6.01,9.07,1.37,1.95,2.67,2.67,83.08,19.99,27.7,0,0,0,1.51,27.01,0,NA,7.16,5731.5,0,4.79,50.03,0.69,5.19,0.53,0.09,1.06,1.06,280.97,233.4,240.25,NA,0.87,6.52,7.52,4.65,86.7,4.44,1.73,6077.5,0,3.05,46.86
-1.09,-3.36,-0.54,0.01,1.18,1.27,181.29,136.56,84.71,11.21,0.68,2.08,3.08,47.15,67.56,21.56,1.98,15476.12,17.97,24.03,70.24,0.15,0.63,0.06,0.01,1.12,1.21,146.16,107.55,68.27,8.39,0.77,3.35,4.35,52.32,77.02,15.05,1.68,NA,19.42,20.95,75.34,-1.11,-5.68,-0.57,0.02,0.99,1.08,187.28,131.46,103.87,12.13,0.81,4.13,5.13,44.97,80.53,7.89,1.23,NA,16.58,23.64,76.92
14.43,21.51,11.56,2.99,3.04,3.04,291.67,4.48,94.93,0,0.33,0.49,1.49,14.43,32.91,43.85,NA,NA,0,0,0,3.35,3.42,5.65,42,50.43,50.43,613.41,101.39,12.03,0,0.02,0.02,1.02,3.35,1.98,169.08,NA,NA,0,0,0,-2.52,-2.55,-9.03,61.39,79.43,79.43,1308.66,293.19,16.25,0,0.01,0.01,1.01,-2.52,1.26,-200,NA,NA,0,0,0
30.51,36.4,6.63,7.24,7.24,7.24,79.09,0,8.66,0,0.13,0.15,1.19,30.51,16.2,311.8,4.69,NA,0,0,0,-1.81,-2.16,-0.35,6.17,6.17,6.17,70.6,0,9.38,0,0.16,0.19,1.19,1.19,15.9,76.68,6,NA,0,0.58,7.33,4.45,5.13,2.22,8.97,8.97,8.97,182.03,NA,19.4,NA,0.13,0.15,1.15,10.32,13.23,137.32,NA,2314,0,2.93,15.73
13.85,89.52,4.16,0.1,1.88,1.88,109.43,60.69,28.17,0,0.81,5.21,6.46,24.85,84.53,31.22,0.74,11857.8,15.09,3.31,26.65,12.96,88.53,3.66,0.41,1.43,1.43,102.91,32.71,28.46,0,0.85,5.8,6.83,29.71,85.36,29.79,0.53,38659.86,7.76,4.74,34.7,7.1,30.27,1.95,0.28,1.47,1.47,100.12,30.81,24.64,NA,0.76,3.25,4.26,16.78,76.54,29.91,0.52,82811,1.25,2.65,25.15
-27.77,-37.1,-87.91,55.43,72.73,72.73,617.44,271.11,15.67,0,0.01,0.02,1.34,-27.77,25.16,-2019.4,NA,NA,0,0,0,-5.34,-5.34,-2.65,NA,NA,NA,180.36,93.72,NA,NA,0,0,1,-5.34,0,NA,NA,NA,0,0,0,-93.38,567.84,-13.62,0.1,0.86,0.86,53.25,46.39,61.16,NA,1.16,-7.08,-6.08,-93.38,116.44,-80.19,NA,NA,0,0,0
23.81,83.72,11.62,1.14,1.29,1.3,177.65,18.02,115.78,0.85,0.67,2.37,3.52,40.42,71.56,41.32,2.38,NA,0,8.11,31.99,29.23,74.88,11.43,0.27,2.28,2.28,142.4,110.93,55.2,0.09,0.61,1.56,2.56,51.22,60.96,55.06,5.69,NA,0,8.6,34,6.71,28.07,2.93,0.38,2.93,2.93,159.33,126.07,49.59,0.44,0.76,3.18,4.18,30.93,76.09,14.99,9.1,25762,0,10.57,59.03
19.83,89.86,10.13,0.34,0.91,0.93,185.88,80.96,143.16,2.87,0.78,3.53,4.53,30.22,77.93,31.35,0.82,NA,0,5.3,26.25,29.18,88.95,7.79,0.08,0.71,0.71,97.23,27.43,43.52,0.02,0.67,2.05,3.05,50.75,67.2,57.19,0.81,NA,0,5.76,32.11,-33.79,-106.73,-56.64,0.09,0.5,0.51,611.77,116.48,279.27,3.15,0.68,2.16,3.16,-18.78,68.34,-27.49,0.71,NA,0,25.17,-359.02
12.93,16.6,7.7,10.07,23.25,23.41,216.8,98.71,7.49,1.15,0.14,0.18,1.28,18.28,22.1,131.47,4.28,49816.8,0,3.19,19.18,9.91,12.29,5.56,3.13,9.73,9.86,204.1,110.93,16.8,2.21,0.12,0.15,1.24,14.93,19.34,113.59,4.51,42343.8,0,2.82,23.3,12.29,91.78,5.21,0.34,1.48,1.58,154.85,86.15,77.42,8.37,0.77,5.77,7.47,18.8,86.61,20.55,0.69,NA,0,2.76,24.84
-1.77,0.88,NA,0.33,0.33,0.33,NA,NA,NA,NA,3.02,-1.5,-0.5,0,301.93,-0.59,NA,NA,0,NA,NA,-1.83,0.87,NA,0.32,0.32,0.32,NA,NA,NA,NA,3.11,-1.47,-0.47,-1.83,311.17,-0.59,NA,NA,0,NA,0,-1.83,0.86,NA,0.32,0.32,0.32,NA,NA,NA,NA,3.13,-1.47,-0.47,-1.83,313,-0.59,NA,NA,0,NA,0
9.2,12.94,3.36,0.24,1.72,1.72,133.06,51.75,26.9,0,0.29,0.41,1.41,65.04,28.9,45.04,1.36,NA,6.12,20.41,75.6,5.43,9.3,2.41,0.1,1.49,1.49,161.86,84.69,34.62,0,0.42,0.71,1.71,48.21,41.63,21.15,1.42,NA,16.49,19.02,78.26,2.64,4.36,0.68,0.03,1.43,1.43,94.53,48.56,19.27,NA,0.4,0.65,1.65,48.87,39.52,16.04,1.35,11545.88,16.45,11.98,84.54
26.22,50.88,9.31,1.19,1.71,2.01,129.28,19.61,37.57,11.18,0.34,0.66,1.94,39.77,48.47,101.89,1.38,NA,4.34,4.81,24.25,3.53,7.17,3.97,1.08,1.29,1.67,409.61,40.12,195.06,74.49,0.51,1.03,2.03,7.65,50.78,26.73,2.63,NA,2.58,4.63,45.72,6.08,9.17,2.74,0.55,0.9,1.5,164.38,18.1,52.14,31.81,0.34,0.51,1.51,10.56,33.71,45.94,1.31,15588.67,1.48,2.02,21.64
0.49,8.62,0.16,0.46,0.89,0.89,120.62,47.26,111.74,NA,0.94,16.59,17.59,13.47,94.32,8.39,0.36,7322.57,0,4.3,54.57,-10.14,-230.59,-4.31,0.35,0.89,0.89,154.69,77.21,142.19,0,0.96,21.75,22.75,6.35,95.6,-0.51,0.41,4405.8,0,7.01,124.87,-0.24,-4.01,-0.13,0.57,0.84,0.86,200.73,42.59,161.48,4.62,0.94,15.52,16.52,23.18,93.95,12.86,0.29,6716.8,0,12.88,81.24
1.88,2.98,3.46,1.27,3.92,3.93,670.94,220.79,93.5,1.05,0.33,0.52,1.59,9.25,36.97,8.39,2.26,NA,0,13.59,71.22,0.77,1.3,1.18,0.62,2.18,2.18,559.78,215.59,153.8,0.22,0.41,0.7,1.7,7.35,41.06,3.57,2.24,NA,0,10.12,96.65,2.46,3.73,4.24,0.71,3.19,3.24,629.76,226.63,98.59,4.66,0.34,0.52,1.52,9.1,34.26,9.38,1.94,38528.91,0,11.47,67.6
0.3,3.06,0.19,0.35,1.07,1.14,229.81,143.01,198.57,13.56,0.89,9.09,10.25,58.55,90.24,2.04,NA,NA,0,36.78,95.55,0.49,7.46,0.28,0.28,0.93,0.96,204,118.16,183.18,5.75,0.93,14.21,15.21,45.8,93.43,4.91,0.66,NA,0,25.39,124.63,1.06,61.45,1.06,0.6,0.85,0.92,366.49,87.53,353.31,25.02,0.98,57.01,58.01,19.35,98.28,1.08,0.17,5087,0,18.36,167.98
29.65,32.02,41.34,10.82,13.53,13.53,351.3,100.41,37.09,NA,0.07,0.08,1.08,29.65,7.39,401.19,NA,NA,0,0,0,16.95,31.28,8.6,2.3,3.1,3.1,184.58,22.34,28.06,NA,0.46,0.85,1.85,24.29,45.8,40.22,1.66,NA,0,3.72,21.92,-9.72,-26.4,-3.38,0.91,1.57,1.57,126.84,37.44,56.26,NA,0.63,1.72,2.72,35.28,63.18,8.5,1.92,NA,0,15.64,80.12
2.38,4.48,1.15,0.02,1.69,1.69,176.31,120.04,62.4,0,0.47,0.88,1.88,8.83,46.9,27.89,2.56,34373.2,10.98,3.12,24.5,15.55,28.24,9.59,0.06,1.95,1.95,224.52,186.27,86.38,0,0.45,0.82,1.82,22.71,44.94,51.32,4.2,60103,5.56,4.42,20.3,-1.82,-4.21,-1.4,0.1,1.34,1.34,280.71,194.25,127.49,NA,0.57,1.31,2.31,6.57,56.78,-0.4,5.71,6371.2,10.61,6.45,136.96
0.83,26.87,3.42,0.64,1.03,1.03,1506.03,341.56,1443.66,NA,0.97,31.5,32.5,1.39,96.92,0.85,NA,NA,0,2.32,53.17,31.46,94.56,28.14,0.91,1.32,1.32,325.59,87.77,214.88,NA,0.67,2.01,3.01,31.96,66.73,49.02,2.74,NA,0,0.45,1.24,8.83,21.95,15.72,0.8,1.52,1.52,649.61,273.74,382.95,NA,0.6,1.49,2.49,9.15,59.77,18.32,4.31,NA,0,0.58,2.42
-184.44,109.11,-89.94,0.04,0.29,0.29,177.5,103.95,431.65,0,2.69,-1.59,-0.59,-44.67,269.04,-64.22,-4.99,NA,0,68.16,-592.99,-191.96,46.69,-55.1,0,0.12,0.12,104.47,56.64,503.91,NA,5.11,-1.24,-0.24,-61.75,511.15,-37.55,-9.35,NA,0,37.37,-222.58,-12.65,4.85,-0.88,0.06,0.18,0.18,25.34,10.87,87.24,NA,3.61,-1.38,-0.38,79.81,360.69,2.44,-7.74,2455.67,0,6.42,102.23
14.3,78.3,2.89,0.64,0.78,0.86,73.52,7.92,58.7,4.73,0.82,4.48,5.48,104.73,81.74,30.05,0.68,NA,0,18.27,76.93,4.65,15.55,0.98,0.31,0.65,1.07,76.79,17.52,51.4,21.93,0.7,2.34,3.34,103.1,70.07,26.9,1.29,NA,0,20.77,79.85,9.07,34.69,3.04,0.24,1.03,1.19,122.46,68.95,88.17,15.01,0.74,2.82,3.82,72.34,73.85,23.24,2.52,9611,0,21.23,72.58
6.74,47.1,2.6,0.14,0.77,0.77,140.5,75.41,104.7,NA,0.86,5.98,6.98,7.32,85.68,18.34,0.42,NA,10.34,0.22,2.84,0.35,2.78,0.15,0.09,0.88,0.88,155.14,104.81,101.62,NA,0.87,6.91,7.91,1.61,87.35,10.44,0.54,NA,21.12,0.54,9.47,0.55,3.31,0.3,0.07,0.29,0.29,202.81,36.73,162.38,NA,0.83,5.03,6.03,1.76,83.42,4.79,0.38,NA,2.25,0.67,32.16
-0.95,-5.66,-0.44,0.19,1.03,1.05,168.52,115.32,138,2.66,0.83,4.95,5.95,47.69,83.2,19.44,1.39,6880.67,0,22.52,91.18,-8.55,-284.78,-4.13,0.27,0.77,0.77,175.76,75.8,152.29,0.98,0.97,32.32,33.32,63.33,97,6.12,0.39,6753.83,0,34.7,120.75,7.48,77.07,3.13,0.34,0.8,0.82,152.52,61.55,132.27,1.65,0.9,9.3,10.3,60.61,90.3,21.61,0.89,NA,0,22.2,92.15
22.86,95.74,12.02,0.52,1.25,1.27,191.48,96.63,138.29,3.65,0.76,3.19,4.19,53.16,76.13,37.9,5.32,NA,0,15.94,46.48,8.77,86.56,5.58,0.47,0.72,0.73,231.39,43.03,203.23,3.24,0.9,8.87,9.87,46.36,89.86,14.81,0.31,NA,0,23.9,69.89,23.78,96.82,23.52,0.19,0.31,0.36,360.92,20.96,266.86,12.06,0.75,3.07,4.07,35.98,75.44,32.51,0.34,36060.75,0,12.07,27.94
0.42,0.5,1.29,0.88,0.93,0.93,1132.15,1.6,33.78,0,0.17,0.21,1.21,7.48,17.47,41,0.99,NA,0,21.97,46.44,0.28,0.37,0.43,1.43,1.53,1.53,560.12,1.49,15.25,NA,0.24,0.32,1.32,14.16,24.07,48.79,1.01,16016.56,9.51,21.36,49.33,6.86,18.96,8.38,-0.03,-0.02,-0.02,445.8,0.9,220.87,NA,0.64,1.76,2.76,22.35,63.8,32.28,0.49,19793.22,5.04,18.92,38.98
30.83,33.23,5.36,13.84,13.84,13.84,38.09,NA,4.52,NA,0.07,0.08,1.08,30.83,7.22,426.76,NA,NA,0,0,0,-24.97,-299.31,-29.9,0.2,1.12,1.12,435.8,352.69,385.47,NA,0.92,10.99,11.99,-23.48,91.66,-27.24,NA,NA,0,1.78,-6.44,4.31,72.41,1.07,0.89,1.05,1.05,90.86,14.2,83.89,NA,0.94,15.8,16.8,4.31,94.05,4.85,4.66,NA,0,0,0
0.81,6.8,0.27,0.17,1.88,1.88,77.64,68.8,40.11,NA,0.88,7.41,8.41,2.47,88.11,3.9,0.64,2854,0,0.55,26.31,5.85,41.12,1.04,0.2,0.6,1.02,64.93,20.49,51.07,21.53,0.86,6.03,7.03,20.87,85.77,14.86,1.09,6965.33,0,2.68,46.01,-20.51,-104.88,-6.45,0.02,0.49,0.97,114.83,41.4,89.35,44.04,0.8,4.11,5.11,-12.64,80.44,-17.9,0.91,-2181,0,2.48,-156.5
0.05,0.11,0.03,0.07,0.9,0.9,230.22,91.58,100.38,0.05,0.58,1.39,2.39,17.95,58.18,8.28,0.82,NA,4.36,11.32,73.41,1.88,6.5,1.01,0.01,0.99,0.99,196.3,92.71,124.44,0.05,0.71,2.46,3.46,15.69,71.1,7.46,0.9,NA,2.51,7.45,65.41,3.45,17.5,2.38,0,0.72,0.9,251.61,100.05,189.64,36.52,0.8,4.08,5.08,16.17,80.3,8.23,0.7,30664.63,2.6,8.77,61.32
18.97,71.54,5.95,0.01,1.32,1.32,114.16,107.44,81.28,0,0.73,2.77,3.77,33.81,73.48,29.45,6.32,NA,0.28,4.66,35.23,12.44,31.55,4.19,0.11,1.43,1.43,122.67,92.44,56.24,0,0.6,1.53,2.54,34.69,60.58,29.36,2.39,NA,11.46,7.5,48.61,14.47,27.2,7.15,0.13,1.98,1.99,180.46,141.48,74.3,0.42,0.47,0.88,1.88,46.02,46.81,47.75,3.86,13277.5,1.19,15.6,52.29
26.56,52.34,17.13,0.18,1.86,1.91,234.79,147.28,87.99,4.37,0.39,0.77,1.97,51.73,49.26,92.79,1.83,29473.93,0,16.24,36.08,11.55,32.77,9.46,0.22,1.38,1.38,297.89,181.62,157.85,0.25,0.55,1.56,2.84,34.14,64.74,35.49,1.35,NA,0,18.48,47.42,-7.78,-42.71,-6.78,0.02,0.6,0.62,318.35,127.74,221.3,3.85,0.72,3.94,5.49,14.95,81.79,1.77,0.32,NA,0,19.82,48.25
1.23,1.23,5.95,337.15,337.15,337.15,1758.2,NA,5.16,NA,0,0,1,1.23,0.3,415,NA,NA,0,0,0,-3.93,-34.16,-15.15,0.41,0.87,0.87,1403.14,297.15,644.95,NA,0.88,7.69,8.69,-3.93,88.49,17.2,0.93,NA,0,0,0,-1.18,-9.91,-3.71,0.77,1.01,1.01,1146.13,140.77,601.86,NA,0.88,7.39,8.39,-1.18,88.09,23.41,1.07,NA,0,0,0
50.72,90.09,28.45,0.45,1.63,2.77,204.2,58.04,48.96,56.45,0.26,0.46,1.78,69.69,43.71,228.73,1.84,NA,0,10.64,20.73,36.7,47.82,24.4,0.61,3.31,3.47,242,138.78,51.78,8.36,0.23,0.3,1.3,55.35,23.26,182.39,3.14,NA,0,12.4,24.64,12.42,19.67,14.66,0.09,2.2,2.37,430.6,297.75,84.6,23.54,0.37,0.58,1.58,27.57,36.84,44.16,3.04,21249.84,13.35,17.86,36.76
-5.93,-59.87,NA,0,0,0.13,NA,NA,NA,NA,0.9,9.1,10.1,-5.93,90.1,-6.58,0.13,NA,0,NA,0,-4.96,-100.84,NA,0,0,0.13,NA,NA,NA,NA,0.95,19.32,20.32,-4.96,95.08,-5.22,0.07,NA,0,NA,0,0,0,NA,0.03,0.03,0.23,NA,NA,NA,NA,0.51,1.06,2.06,0,51.35,0,0.56,NA,0,NA,NA
-364.23,-364.23,NA,NA,NA,NA,NA,NA,NA,NA,0,0,1,-364.23,0,NA,NA,NA,0,NA,0,0.89,32.32,9.18,0,1.04,1.04,3752.94,376.2,179.25,0,0.97,35.3,36.3,0.89,97.25,3.68,1.01,NA,75.44,0,0,2.78,30.09,19.06,10.36,10.59,10.59,2498.67,7.18,31.21,0,0.91,9.81,10.81,2.78,90.75,8.23,1.14,NA,70.04,0,0
8.77,29.62,0.82,0.33,1.5,1.5,33.89,25.22,21.45,0,0.7,2.38,3.38,405.97,70.4,13.14,15.59,NA,0,36.99,95.03,5.49,31.98,1.22,0.09,0.87,0.87,80.83,50.22,64.42,0,0.83,4.83,5.83,173.95,82.84,18.6,0.65,NA,0,37.41,90.55,4.94,19.81,1.02,0.06,1.05,1.05,75.18,53.7,53.85,NA,0.75,3.01,4.01,212.35,75.07,21.97,1.18,5617.79,0,42.72,91.45
-14.51,166.61,-8.08,0.3,0.4,0.61,200.5,21.67,217.96,46.2,1.09,-12.48,-11.48,-14.51,108.71,-13.35,-0.26,NA,0,0,0,-10.3,86.12,-9.07,0.08,0.15,0.3,320.79,26.64,355.19,51.65,1.12,-9.36,-8.36,-10.3,111.95,-9.2,-0.18,NA,0,0,0,-7.06,48.3,-10.54,0.09,0.14,0.21,544.75,30.79,615.87,44.21,1.15,-7.84,-6.84,-7.06,114.63,-6.16,-0.19,NA,0,0,0
14.36,17.35,32.71,5.82,5.82,5.82,829.03,NA,140.96,NA,0.17,0.21,1.21,14.36,17.19,83.55,NA,NA,0,0,0,28.53,30.49,19.29,15.7,15.51,15.51,246.14,-3,15.69,NA,0.06,0.07,1.07,50.95,6.45,442.53,NA,NA,0,15.16,38.5,4.46,4.4,10.3,-58.21,-72.13,-72.13,842.33,160.34,-11.52,NA,-0.01,-0.01,0.99,11.12,-1.39,-321.93,NA,NA,0,15.36,42.4
-27.6,22.47,-18.77,0.02,0.36,0.36,247.52,169.6,503.53,0,2.18,-1.77,-0.81,-27.6,222.79,-12.69,-5.53,NA,0,0,0,2.89,-3.89,0.73,0.33,0.4,0.4,91.38,9.9,150.16,0,1.71,-2.3,-1.34,4.14,174.36,1.69,-2.31,NA,0,0.31,10.13,0.45,-0.92,0.4,0.05,0.11,0.53,324.16,31.28,465.47,196.65,1.47,-2.99,-2.03,25.14,149.22,0.31,-2.38,NA,0,21.93,88.88
0.32,2.95,0.07,0.64,2.18,2.18,78.51,47.75,30.95,0,0.89,8.1,9.1,112.41,89.02,14.8,4.54,NA,0,24.18,87.7,10.03,43.03,2.09,1.01,2.57,2.57,75.87,45.59,29.12,0,0.77,3.29,4.29,116.19,76.69,33.92,NA,16376.2,0,22.13,69.82,42.88,77.52,9.87,1.21,3.41,3.41,83.99,53.3,24.27,NA,0.45,0.81,1.81,159.45,44.69,95.95,NA,NA,0,26.82,65.58
59.63,69.27,18.71,3.42,5.86,5.86,114.24,38.42,15.73,NA,0.14,0.16,1.16,59.63,13.93,653.78,5.48,NA,0,0,0,4.32,18.16,2.24,0.2,1.29,1.29,189.12,155.14,142.53,0,0.76,3.2,4.2,4.32,76.2,20.85,NA,NA,0,0,0,25.34,30.93,7.17,5.21,5.21,5.21,103.32,0,18.43,0,0.18,0.22,1.22,25.34,18.08,140.1,NA,NA,0,0,0
-1.4,-2.43,-0.77,0.24,5.1,5.14,200.27,78.54,18.71,0.77,0.43,0.74,1.74,20.21,42.52,17.39,1.21,NA,0,11.89,69.53,-8.93,-17.08,-4.54,0.03,2.25,2.29,185.02,69.08,37.98,1.36,0.48,0.91,1.91,14.11,47.72,-1.95,1.16,NA,0,11.71,98.23,-8.17,-15.88,-4.33,0.07,3.69,3.7,193.7,62.65,24.43,0.18,0.49,0.95,1.95,17.27,48.59,-2.15,1.11,12881.11,0,13.5,97.84
5.54,12.53,4.3,0.41,1.15,1.6,282.87,123.71,166.99,76.97,0.55,1.23,2.26,19.63,54.51,25.62,10.31,NA,0,10.95,-239.89,7.68,31.65,4.98,1.01,1.27,1.31,236.05,47.17,177.9,6.61,0.76,3.12,4.12,14.33,75.73,11.9,87.46,NA,0,4.31,33.17,0.83,3.1,0.38,0.5,1.28,1.37,168.03,93.43,120.66,11.9,0.73,2.72,3.72,9.77,73.12,1.57,NA,55146,0,4.11,53.71
89.31,95.79,46.77,8.75,16.62,16.63,190.63,79.53,10.1,0.1,0.06,0.06,1.07,115.53,6.76,1543.53,12.86,NA,0,13.73,18.65,46.81,48.55,35.69,19.35,26.61,26.63,277.54,59.85,8.25,0.19,0.04,0.04,1.04,67.52,3.58,1477.13,5.37,NA,0,15.79,24.22,26.03,28.03,18.84,5.87,9.29,9.31,264.19,56.43,16.53,0.31,0.07,0.08,1.08,50.46,7.14,539.61,2.36,18537.17,0,17.68,35.27
21.17,37.36,7.47,1.24,1.46,1.46,128.44,11.99,30.95,NA,0.43,0.77,1.77,34.16,43.34,80.67,1.55,NA,18.91,4.59,21.36,12.41,20.87,1.82,0.7,1.01,1.01,53.31,6.55,20.77,NA,0.4,0.67,1.68,50.06,40.54,120.48,1.01,NA,0,5.51,36.51,7.33,29.9,3.47,0.37,1.2,1.2,172.88,106.56,127.8,NA,0.75,3.08,4.08,21.81,75.47,22.1,2.64,2647.33,0,6.85,112.48
11.89,78.45,4.41,0.22,0.83,0.83,135.02,63.42,103.7,NA,0.85,5.59,6.6,86.5,84.85,21.96,0.61,NA,0,27.68,74.48,3.1,15.43,0.83,0.32,0.74,0.74,97.09,30.03,72.25,0.23,0.8,3.96,4.97,136.3,79.88,30.27,0.57,NA,0,35.53,79.21,2.15,13.15,1.1,0.17,0.93,0.95,187.8,99.7,131.54,2.44,0.84,5.13,6.13,65.6,83.68,23.65,0.93,5659.11,0,32.65,70.57
2.71,3.83,1.14,1.71,3.17,3.48,152.51,53.49,36.67,11.67,0.29,0.41,1.41,28.03,29.09,37.3,5.79,12803,0,10.61,59.12,3.37,4.31,1.24,2.75,4.22,4.69,133.83,35.83,24.4,11.61,0.21,0.27,1.28,29.06,21.91,47.97,8.25,11904.45,0,9.45,61.22,1.41,2.23,0.61,0.53,1.77,2.52,156.65,67.87,54.77,41.94,0.37,0.58,1.58,24.38,36.78,15.64,9.64,12496.36,0,9.86,65.62
-0.19,-1.48,-0.9,0.15,0.32,0.32,1748.11,148.43,852.85,0,0.87,6.87,7.87,3.52,87.29,5.34,0.6,NA,37.37,17.83,38.19,0.45,3.4,0.48,0.06,0.25,0.25,388.48,40.39,214.24,NA,0.87,6.54,7.54,4.62,86.74,9.4,0.51,NA,30.73,4.45,28.44,1.31,8.88,1.31,0.05,0.2,0.27,365.23,31.63,218.13,15.26,0.85,5.8,6.8,4.82,85.28,6.94,0.47,23644.75,24.66,3.52,32.62
-14.01,-79.38,-9.8,0.17,1.21,1.21,127.29,217.46,207.26,0,0.82,4.67,5.67,-2.46,82.36,-17,NA,NA,0,8.08,-512.64,-0.78,-5.73,-0.37,0.59,1.16,1.16,170.54,82.99,144.95,NA,0.86,6.31,7.31,60.54,86.32,-0.91,NA,NA,0,28.73,99.68,6.26,31.28,5.4,1.05,1.26,1.26,315.14,51.07,247.14,0,0.8,4,5,47.83,79.99,7.82,NA,NA,0,35.89,85.95
2.09,3.44,1.01,2.15,2.64,2.64,175.04,31.83,65.61,0,0.39,0.64,1.64,49.73,39.18,5.34,NA,NA,0,22.91,91.43,3.38,10.71,1.22,1.34,1.5,1.5,132.06,14.01,86.96,0,0.68,2.17,3.17,49.61,68.49,4.93,NA,NA,0,16.77,87.2,-28.71,-248.34,-13.13,1.16,1.16,1.16,166.94,NA,141.6,NA,0.88,7.65,8.65,25.97,88.44,-32.46,NA,1470.25,0,25.01,188.83
0,0,NA,NA,NA,NA,NA,NA,NA,NA,0,0,1,0,0,NA,NA,NA,0,NA,NA,-33.59,-2377.51,-75.34,584.81,697.21,697.21,816.39,72.07,0.64,NA,0.99,69.77,70.77,-33.59,98.59,-34.08,2.24,NA,0,0,0,-8.6,-2569.22,NA,NA,NA,NA,NA,NA,NA,NA,1,297.61,298.61,-8.6,99.67,-8.63,0.99,NA,0,NA,NA
-30.71,46.92,-61.65,0.03,0.04,0.14,730.88,0.9,523.21,52.32,1.65,-2.53,-1.53,-30.71,165.44,-13.35,-0.66,NA,0,0,0,23.97,-158.26,16.88,0.36,0.43,0.56,256.22,4.73,68.64,9.1,1.15,-7.6,-6.6,23.97,115.15,24.64,0.25,NA,0,0,0,17.41,644.12,9.83,0.22,0.4,0.48,206.1,13.46,72.15,5.89,0.97,35.96,37.01,24.98,97.3,29.87,0.17,24579,0,4.28,17.35
-1.52,-2.34,-6.6,0.02,0.3,0.3,1577.58,108.36,74.7,NA,0.35,0.54,1.54,-0.68,34.9,12.48,0.82,NA,19.3,3.67,13.56,-1.86,-2.86,-19.59,0.02,0.36,0.36,3827.59,295.57,281.64,0,0.35,0.53,1.53,-1.36,34.84,9.28,0.84,NA,15.21,5.26,9.23,-2.07,-3.08,-14.49,0.03,0.36,0.36,2554.3,165.49,239.63,NA,0.33,0.49,1.49,-1.96,32.69,11.29,0.87,NA,10.16,0.8,1.71
0.08,0.22,0.06,0.12,0.57,0.67,275.74,75.43,168.95,17.24,0.64,1.78,2.78,36.3,64.04,11.73,0.63,11578.43,0,27.44,78.65,0.61,1.36,0.2,0.2,0.42,0.46,120.22,13.76,62.36,2.66,0.54,1.2,2.21,38.85,54.68,19.93,0.61,17593.66,0,12.63,60.62,-0.8,-1.72,-1.41,0.14,0.53,0.58,648.67,133.52,336.66,16.55,0.54,1.17,2.17,16.81,53.82,19.24,0.68,18712.82,0,31.28,66.74
26.36,73.01,7.16,0.46,1.13,1.13,98.8,43.29,65.19,NA,0.64,1.77,2.77,49.41,63.89,58.7,1.5,NA,0,6.26,35.07,-51.45,-1382.81,-55.18,0.25,0.41,0.41,390.43,61.63,390.29,NA,0.96,25.88,26.88,-35.14,96.28,-44.51,0.07,NA,0,17.49,-67.05,-3.36,270.13,-4.6,0.26,0.29,0.29,500.44,13.39,496.91,NA,1.01,-81.44,-80.45,8.71,101.24,1.51,-0.02,6121.3,0,16.55,86.48
-11.25,211.76,-163.31,0.27,0.27,0.27,5285.05,0,393.98,0,1.05,-19.83,-18.83,-6.47,105.31,-4.16,-0.05,NA,0,69.37,300.54,-4.35,43.76,-21.11,0.16,0.42,0.42,1765.79,43.12,163.82,NA,1.1,-11.06,-10.06,5.08,109.95,2.61,-0.1,NA,0,45.78,67.46,19.38,221.82,50.48,0.4,0.4,0.4,950.86,NA,120.9,NA,0.91,10.45,11.45,24.74,91.26,29.71,0.09,10601,0,13.98,15.82
-1.29,-149.36,-0.54,0.44,0.92,0.92,152.55,71.07,149.45,NA,0.99,114.6,115.6,-1.29,99.13,-0.23,0.27,NA,0,0,0,0.64,37.96,0.17,0.06,1.01,1.01,94.55,85.92,90.57,NA,0.98,58.18,59.18,21.32,98.31,1.97,0.69,NA,0,5.37,91.25,0.37,23.64,0.19,0.18,0.98,0.98,188.72,137.48,171.95,NA,0.98,63.3,64.3,26.4,98.44,1.68,0.67,7711.55,0,13.46,90.88
0.55,2.28,0.38,0.47,1.29,1.36,256.34,151.37,184.28,12.55,0.76,3.18,4.18,32.24,76.09,0.72,NA,NA,0,22.32,129.32,1.61,3.06,0.34,1.07,2.16,2.49,76.74,33.31,30.44,10.2,0.47,0.9,1.9,52.58,47.48,3.38,NA,NA,0,10.75,88.48,0.72,3.72,0.35,0.45,1.01,1.12,177.07,45.72,82.28,8.83,0.81,4.19,5.19,17.66,80.75,6.23,1.12,11312,31.03,8.22,59.48
4.34,25.75,3.18,0.11,1.03,1.09,266.91,190.73,206.42,11.96,0.83,4.93,5.93,45.58,83.15,10.29,1.32,15798.85,0,30.24,84.76,10.62,47.07,4.83,0.14,1.66,1.7,165.48,127.16,83.37,3.18,0.77,3.43,4.43,38.18,77.44,18.97,1.76,24533.73,0,12.53,60.86,34.4,70.35,8.48,0.52,1.92,1.94,89.98,50.1,35.74,0.9,0.51,1.05,2.05,82.64,51.1,74.09,2.29,52484.35,0,11.89,50.12
3.84,17.17,4.43,2.12,7.77,7.77,420.28,201.17,35.63,NA,0.78,3.47,4.47,36.58,77.64,14.46,0.69,3357.95,0,37.8,71.19,2.43,30.01,2.28,0.01,0.85,1,342.34,260.95,310.73,45.57,0.92,11.36,12.36,10.08,91.91,8.2,0.98,NA,0,7.2,30.51,-4.49,-45.56,-2.71,0.08,0.72,0.99,220.68,127.2,196,51.9,0.9,9.16,10.16,7.14,90.16,2.78,0.94,3308.53,0,7.03,76.27
-66.61,-71.5,-26.97,14.63,14.63,14.63,147.37,NA,9.97,NA,0.07,0.07,1.07,-66.61,6.84,-974.3,NA,NA,0,0,0,-1.38,-2.64,-0.18,1.69,2.12,2.12,46.28,9.37,21.55,NA,0.48,0.92,1.92,-1.38,47.85,27.81,NA,NA,0,0,0,-110.53,111.97,-42.59,0.01,0.35,0.35,140.65,93.85,275.66,NA,1.99,-2.01,-1.01,-110.53,198.71,-55.62,-3.33,NA,0,0,0
1.2,1.69,1.32,1.01,2.58,2.65,398.64,170.86,109.24,8.25,0.29,0.4,1.4,21.12,28.57,13.21,2.72,NA,0,21.81,78.35,3.77,4.26,2.44,1.97,6.44,6.7,235.07,105.44,23.6,6.22,0.11,0.13,1.13,30.48,11.47,57.61,2.8,NA,0,17.25,69.08,10.19,11.21,9.22,6.79,8.37,8.41,330.16,42.18,26.75,1.27,0.09,0.1,1.1,35.64,9.05,137.97,2.98,22960.6,0,23.02,60.07
1.54,2.7,1.25,4.61,10.68,10.68,297.47,105.8,17.42,NA,0.43,0.76,1.76,1.54,43.24,59.16,2.74,NA,0,0,0,4.55,13.22,2.34,1.09,1.51,1.51,187.2,50.48,121.06,NA,0.66,1.91,2.91,4.55,65.58,34.47,NA,NA,0,0,0,7.42,11.97,3.08,1.11,2.57,2.57,151.72,82.87,56.91,NA,0.38,0.61,1.61,33.5,38.03,19.5,NA,2996,0,10.84,94.53
-12.11,-12.11,NA,NA,NA,NA,NA,NA,NA,NA,0,0,1,-12.11,0,NA,NA,NA,0,NA,0,-0.55,-46.18,NA,370.29,388.21,388.21,NA,NA,NA,NA,0.99,82.28,83.28,-0.55,98.8,-0.46,5.86,NA,0,NA,0,-25.01,103.83,-31.25,0.2,0.4,0.73,456.08,42.39,214.88,72.82,1.24,-5.15,-4.15,0.97,124.09,-14.19,0.8,4773.33,0,32.47,299.99
5.83,66.86,4.46,0.09,0.72,0.78,278.59,156.27,247.79,13.96,0.91,10.47,11.47,34.6,91.28,24.48,0.3,NA,0,22.02,47.87,6.99,76.77,7.25,0.01,0.88,0.92,377.31,290.66,333.48,14.41,0.9,9.88,10.98,25.78,90.89,22.01,0.53,NA,0,19.48,44.39,17.31,84.97,15.34,0.21,1.02,1.11,323.52,201.93,247.53,21.73,0.79,3.89,4.91,41.88,79.63,36.28,1.5,20228.31,0,21.78,40.12
41.06,52.88,16.46,0.91,5.66,5.66,104.64,121.25,25.48,0,0.22,0.29,1.29,60.43,22.36,183.64,NA,NA,0,7.77,26.29,-60.23,-122.92,-16.94,1.3,2.04,2.04,102.39,36.75,49.73,NA,0.51,1.04,2.04,40.51,51,-118.11,NA,2842,0,28.34,239.87,-53.54,-218.23,-366.77,1.38,1.38,1.38,2500.25,NA,1786.65,NA,0.75,3.08,4.08,-53.54,75.47,-70.95,NA,NA,0,0,0
7.61,56.88,2.52,0.12,0.6,1,120.68,23.13,48.6,19.55,0.87,6.48,7.48,13.91,86.63,17.28,0.27,NA,0,2.09,29.22,2.01,51.47,1.31,0.02,0.49,0.72,236.1,59.83,127.02,29.38,0.96,24.57,25.57,9.51,96.09,11.1,0.07,NA,0,4.86,43.27,-12.3,-2261.9,-14.14,0.03,0.64,0.88,419.58,107.06,176.32,43.41,0.99,182.85,183.85,-4.28,99.46,-1.81,0.01,6712,0,9.22,131.33
58.9,61.96,25.04,8.21,17.5,17.51,154.72,68,7.32,0.05,0.05,0.05,1.05,110.29,4.94,1243.94,6.17,38839.82,0,21.84,39.78,61.93,66.04,29.14,0.03,14.18,14.19,171.31,12.21,10.22,0.07,0.06,0.07,1.07,100.9,6.23,1033.31,7.05,50125.33,0,18.34,32.44,52.57,55.45,24.58,8.96,18.27,18.28,170.66,59.14,6.35,0.06,0.05,0.05,1.05,97.85,5.19,1100.58,3.21,40875.75,0,21.17,39.21
6.54,22.97,2.75,0.83,1.41,1.45,153.19,60.64,103.9,3.28,0.71,2.49,3.51,41.79,71.54,9.23,NA,NA,0,14.84,72.59,10.05,23.85,4.41,0.61,1.95,1.95,159.62,108.11,80.89,NA,0.57,1.36,2.37,54.99,57.88,17.6,NA,NA,0,19.71,69.64,13.2,25.35,5.33,1.72,1.85,1.86,147.37,7.8,59.51,0.75,0.47,0.91,1.92,62.72,47.94,29,2.35,7609,0,19.99,70.3
2.01,6.15,1.17,0.16,1.34,1.81,211.81,93.31,94.37,48.05,0.66,2.04,3.06,14.87,68.23,7.17,3.41,30680.44,NA,7.49,67.26,4.88,16.74,3.62,0.05,1.26,1.45,269.96,149.41,153.26,28.59,70.84,242.9,3.43,5.74,NA,NA,NA,NA,NA,NA,NA,5.49,17.32,4.18,0.1,1.85,2,278.15,189.43,126.68,19.86,0.68,2.14,3.16,14.58,68.34,9.32,5.53,37743.38,0,6.93,63.74
-14.55,-14.55,NA,NA,NA,NA,NA,NA,NA,NA,NA,NA,1,-14.55,0,NA,NA,NA,0,NA,0,16.96,31.98,25.65,0.15,0.15,0.15,550.46,NA,255.65,NA,0.47,0.89,1.89,16.96,46.96,102.13,0.57,NA,0,0,0,-9.03,342.2,-4.81,0,0.9,0.9,194.3,176.97,196.7,NA,1.03,-38.88,-37.88,-9.03,102.64,-5.16,-0.35,NA,0,0,0
2.48,2.72,11.75,7.16,10.57,13.79,1722.46,303.92,89.29,291.56,0.09,0.09,1.09,58.25,8.59,170.53,3.56,NA,0,263.9,73.06,15.78,20.32,7.92,0.28,4.44,5,182.65,119.34,28.7,16.23,0.22,0.29,1.29,72.02,22.35,106.64,4.09,27495.35,0,28.22,63.74,4.61,5.45,2.84,3.75,7.09,7.97,225.16,74.48,22.3,20.05,0.15,0.18,1.18,62.51,15.35,71.39,4.69,NA,0,35.72,76.15
5.91,14.68,7.72,0.38,1.69,1.69,475.67,363.52,278.97,0,0.6,1.48,2.48,26.48,59.76,9.88,NA,NA,0,26.88,76.61,-6.63,478.58,-19.19,0.35,0.97,0.97,1054.12,503.64,819.96,0.27,1.01,-73.22,-72.22,-2.61,101.38,-1.47,0.88,NA,0,11.63,109.97,-38.6,95.04,-69.87,0.07,0.62,0.65,660.63,407.25,741.99,23.22,1.41,-3.46,-2.46,-25.75,140.62,-20.85,-0.59,-19138,0,23.26,-95.55
23.99,26,4.48,13.79,13.79,13.79,68.04,0,4.86,0,0.08,0.08,1.08,23.99,7.76,309.06,NA,NA,0.03,0,0,-12.87,-603.11,-8.75,0.67,1.02,1.02,247.61,84.76,239.17,0,0.98,45.87,46.87,-12.87,97.87,-13.15,NA,NA,0,0,0,-0.84,-36.15,-0.51,0.14,0.98,0.98,223.51,181.63,214.54,NA,0.98,42.23,43.23,1.02,97.69,-0.86,NA,NA,0,1.14,1151.52
44.25,48.93,47.74,8.89,8.89,8.89,392.64,0,37.1,0,0.1,0.11,1.11,44.25,9.55,466.57,6.02,NA,0,0,0,22.24,23.63,45.25,15.46,15.46,15.46,740.51,0,43.17,0,0.06,0.06,1.06,22.24,5.89,429.14,10.59,NA,0,0,0,15.49,16.41,27.85,17.09,17.09,17.09,656.09,NA,35.99,NA,0.06,0.06,1.06,15.49,5.56,324.63,19.28,NA,0,0,0
-12.62,-19.96,-17.05,0.49,1.94,2.19,491.58,107.29,83.72,27.51,0.36,0.57,1.58,12.18,36.76,-7.04,1.52,NA,14.39,33.49,102.98,-8.87,-13.17,-8.15,0.74,2.07,2.26,334.37,76.5,52.34,14.38,0.33,0.48,1.48,20.1,32.64,7.07,1.55,NA,12.02,26.61,80.2,1.44,1.95,1.42,1.25,2.71,3.09,360.15,78.79,52.57,24.82,0.26,0.35,1.35,29.02,25.93,44.57,1.86,NA,6.13,27.21,68.09
5.18,13.15,3.7,0.35,1.59,1.64,260.14,215.87,144.02,8.34,0.61,1.54,2.54,64.41,60.65,14.01,5.51,NA,0,42.34,81.28,7.6,14.86,4.57,2,2.13,2.24,218.99,41.88,91.18,10.2,0.49,0.95,1.95,84.68,48.84,24.69,11.11,NA,0,46.37,86.13,16.31,31.02,9.09,0.82,2,2.32,203.42,120.31,82.8,27.29,0.47,0.9,1.9,90.59,47.43,35.29,15.49,15687,0,41.4,76.76
2.24,14.38,1.06,0.11,1.09,1.09,171.99,121.72,124.74,0.36,0.84,5.41,6.41,60.5,84.41,8.96,1.62,NA,4.3,27.52,85.93,2.94,14.53,1.37,0.25,1.19,1.2,169.17,111.79,118.04,0.39,0.8,3.95,4.95,93.67,79.79,8.85,1.9,NA,4.04,42.17,90.13,2.27,4.79,0.98,0.22,1.82,1.82,156.99,110.79,61.35,0.3,0.52,1.1,2.1,80.68,52.47,8.99,3.87,103954.84,7.97,33.72,92.26
-17.07,-17.07,NA,NA,NA,NA,NA,NA,NA,NA,0,0,1,-17.07,0,NA,NA,NA,0,NA,0,-1.18,-1.18,NA,NA,NA,NA,NA,NA,NA,NA,0,0,1,-1.18,0,NA,NA,NA,0,NA,0,0,0,NA,NA,NA,NA,NA,NA,NA,NA,NA,NA,1,0,0,NA,NA,NA,0,NA,NA
9.5,47.24,5.24,0.25,0.92,1.2,200.66,100.92,117.06,43.75,0.8,3.97,4.97,56.07,79.89,15.43,3.56,30350.03,17.27,25.67,73.37,0.2,0.62,0.05,0.02,1.42,1.42,92.57,78.62,51.83,0.06,0.67,2.07,3.07,133.85,67.38,8.22,2.83,NA,4.91,33.99,90.6,1.14,3.89,0.33,0.16,1.25,1.31,103.77,72.33,66.54,4.63,0.7,2.39,3.4,89.89,70.55,8.04,2.29,25679.55,0,25.23,94.17
0.16,0.45,0.07,0.09,0.28,0.36,154.13,13.57,54.08,6.23,0.65,1.87,2.87,44.75,65.2,0.24,0.73,6168.43,28.04,18.88,87.64,0.05,0.17,0.02,0.04,0.09,0.21,151.96,3.51,64.44,9.62,0.71,2.5,3.5,48.49,71.41,9.75,0.61,NA,17.64,20.23,76.08,0.03,0.11,0.02,0.03,0.06,0.15,325.85,6.44,177.41,19.43,0.76,3.23,4.23,32.81,76.37,5.8,0.43,6324.33,15.27,29.27,72.19
-0.76,-0.76,NA,NA,NA,NA,NA,NA,NA,NA,0,0,1,-0.76,0,NA,NA,NA,0,NA,0,-142.18,-187.14,-584.93,4.16,4.16,4.16,1497.55,0,355.89,0,0.24,0.32,1.32,-117.43,24.03,-591.69,NA,NA,0,101.83,-21.33,0.21,4.7,0.05,0.02,0.21,0.25,80.94,14.34,76.28,2.91,0.96,21.66,22.66,67.06,95.59,0.3,0.06,941.28,0,14.82,86.32
-403.08,119,-45.49,0,0,0.04,41.08,0,161.15,7.66,4.39,-1.3,-0.3,-147.31,438.72,-91.88,-4.16,NA,42.04,28.86,-190.87,-56.42,18.79,-30.34,0.01,0.01,0.1,195.72,0,716.22,75.63,4,-1.33,-0.33,9.68,400.27,-14.1,-5.12,NA,30.26,35.55,528.49,-81.12,51.74,-6.35,0.27,0.39,0.39,28.59,8.42,72.41,NA,2.57,-1.64,-0.64,-81.12,256.78,-31.59,NA,-1729,0,0,0
8.04,83.47,3.37,0,1.02,1.03,152.31,138.76,118.81,1.05,0.9,9.38,10.38,8.04,90.36,11.61,1.42,NA,11.49,0,0,14.67,94.27,6.09,0.19,0.98,1.05,151.01,97.28,89.77,7.76,0.84,5.43,6.43,17.91,84.44,20.91,1.29,40568.5,22.4,1.34,12.25,0.2,1.13,0.14,0.37,1.05,1.12,264.56,146.5,154.18,13.34,0.83,4.77,5.77,5.08,82.68,5.63,2.15,NA,22.75,3.54,28.65
17.96,19.96,39.97,2.51,9.5,9.57,810.29,536.08,76.88,5.4,0.1,0.11,1.11,20.97,10.04,187.82,11.15,NA,0,6.7,12.73,16.02,17.34,33.52,4.15,12.68,12.7,761.69,461.15,54.07,1.49,0.08,0.08,1.08,18.63,7.65,224.85,10.52,NA,0,5.47,10.81,18.46,19.2,46.03,16.94,26.82,26.86,910.14,304.36,31.11,1.48,0.04,0.04,1.04,20.38,3.87,502.58,14.11,151040.05,0,4.79,7.71
5.78,24.55,6.92,0,0.83,0.91,435.79,212.68,210.86,23.47,0.06,0.25,4.25,16.8,5.88,138.62,0.93,NA,25.91,13.2,47.49,6.61,29.38,6.93,0,0.71,0.81,381.9,136.27,138.09,17.78,0.77,3.44,4.45,17.93,77.51,11.24,0.83,NA,40,11.88,47.05,3.55,15.44,8.23,0,0.52,0.62,845.42,228.81,322.78,44.95,0.77,3.34,4.35,14.67,76.99,7.57,0.7,26040.24,37.52,25.76,73.08
0,0,NA,0.21,0.68,1.42,NA,NA,NA,NA,0.58,1.39,2.39,0,58.13,0,2.23,0,0,NA,NA,-2.51,-17.35,-1.66,0,0.52,1.01,240.48,76.36,134.11,72.38,0.81,5.61,6.91,40.97,85.52,-3.09,0.88,13340.67,24.15,28.73,103.06,3.37,16.77,1.8,0.15,0.6,1.18,195.33,44.8,101.29,59.51,0.8,3.98,4.98,50.62,79.91,4.71,1.23,NA,26.6,25.28,88.3
-7.4,-7.64,NA,31.66,31.66,31.66,NA,NA,NA,NA,0.03,0.03,1.03,-7.4,3.16,-234.43,NA,NA,0,NA,0,8.7,9.44,44.95,10.2,12.87,12.87,1879.54,385.71,144.26,NA,0.08,0.08,1.08,9.29,7.76,112.17,NA,NA,0,3.04,5.13,6.77,7.16,3.5,16.41,18.39,18.39,188.54,20,10.1,NA,0.05,0.06,1.06,6.77,5.43,124.67,NA,NA,0,0,0
0.29,34.87,113.82,0.04,0.1,0.1,143879.12,8992.05,141102.85,NA,0.99,120.09,121.09,0.73,99.17,0.89,0.01,NA,0,172.98,-78.5,19.26,95.47,24.79,0.01,0.02,1.23,468.5,1.75,356.97,438.72,0.8,3.94,4.96,19.26,79.83,24.93,3.86,NA,0,0,0,16.14,96.68,24.95,0.02,0.04,1.1,564.25,9.95,459.41,493.66,0.83,4.99,5.99,16.14,83.31,20.64,1.88,25406.55,0,0,0
-0.19,-0.19,NA,NA,NA,NA,NA,NA,NA,NA,NA,NA,1,-0.19,0,NA,NA,NA,0,NA,NA,-0.56,-0.56,NA,NA,NA,NA,NA,NA,NA,NA,NA,NA,1,-0.56,0,NA,NA,NA,0,NA,NA,-0.59,-0.59,NA,NA,NA,NA,NA,NA,NA,NA,NA,NA,1,-0.59,0,NA,NA,NA,0,NA,NA
-5.59,-7.94,-1.47,2.32,2.32,3.39,95.42,0.03,27.31,29.46,0.3,0.42,1.42,49.13,29.57,-18.92,NA,4982,0,14.34,100.52,8.87,10.14,3.5,5.2,7.59,8.47,143.61,39.38,16.43,14.6,0.12,0.14,1.14,73.74,12.48,71.11,NA,3252.5,0,25.59,81.61,-4.24,-4.66,-1.94,8.43,9.49,10.74,167.35,16,15.08,19.11,0.09,0.1,1.1,71.16,9.13,-46.37,NA,5771,0,34.57,98.41
-4.49,-4.52,-270.01,23.84,23.84,23.84,21911.39,NA,11.63,NA,0.01,0.01,1.01,-4.49,0.75,108.16,1.01,NA,0,0,0,-3.64,-3.66,-156.74,8,7.61,7.61,15689.47,-19.93,50.17,NA,0,0,1.01,-3.64,0.56,325.91,1.02,NA,0,0,0,-1.86,-1.92,-44.44,14.47,14.99,14.99,8715.26,13.08,25.07,NA,0.03,0.03,1.03,-1.86,3.03,98.32,1.04,NA,0,0,0
7.13,33.65,3.36,1.56,5.87,5.89,171.43,121.16,28.14,0.53,0.79,3.72,4.72,16.46,78.82,11.15,14.2,11870.38,9.75,4.4,45.97,14.75,24.16,4.56,1.15,1.72,2.52,112.52,24.6,43.2,35.12,0.39,0.64,1.64,36.67,38.98,45.19,32.31,10563.44,0,6.78,49.35,10.65,27.15,3.46,1.05,1.84,1.92,118.61,47.1,60.2,5.14,0.61,1.55,2.55,19.52,60.76,18.17,37.26,10375.7,0,2.88,39.04
30.91,41.34,9.57,0.81,3.86,3.86,112.69,77.11,25.29,0.12,0.25,0.34,1.34,30.91,25.22,161.79,6.26,NA,0,0,0,-53.72,-87.84,-30.05,0.11,2.48,2.48,203.62,185.21,78.22,0,0.39,0.64,1.64,-53.72,38.84,-99.21,16.12,NA,0,0,0,-162.25,-860.97,-82.1,0.15,1.23,1.23,184.69,160.14,147.83,NA,0.81,4.31,5.31,-162.25,81.15,-186.09,NA,NA,0,0,0
-1.77,-13.11,-0.79,0.41,1.14,1.42,162.17,77.97,105.82,29.96,0.85,6.34,7.41,34.38,86.51,3.26,6.01,NA,0,16.1,88.13,-21.92,-912.65,-7.53,0.12,0.75,1.26,125,48.67,77.71,40.63,0.9,37.29,41.63,25.53,97.6,-20.32,5.15,NA,0,16.3,145.94,9.46,88.53,3.25,0.27,0.58,0.9,125.31,26.54,86.74,28.64,0.89,8.36,9.36,17.5,89.32,15.25,2.96,59326,0,2.76,33.33
-26.32,2,NA,0.07,0.07,0.07,NA,NA,NA,NA,14.16,-1.08,-0.08,-26.32,1415.96,-0.21,NA,NA,0,NA,NA,-3.52,0.26,NA,0.07,0.07,0.07,NA,NA,NA,NA,14.65,-1.07,-0.07,-3.52,1465.02,-0.24,NA,NA,0,NA,NA,4.61,-23.89,4.34,0.05,0.84,0.84,343.76,317.96,401.73,NA,1.19,-6.19,-5.19,4.61,119.28,3.86,NA,NA,0,0,0
-357.56,965.05,-149.87,0.03,0.03,0.03,77.54,0,206.79,0,1.37,-3.7,-2.7,-357.56,137.05,-260.9,-0.39,NA,0,0,0,-0.28,110.76,-3.8,0.01,0.01,0.01,4866.3,13.9,4099.8,NA,1,-390.73,-389.73,-0.28,100.26,5.11,0.15,NA,0,0,0,2.51,111.38,14.23,0.59,1.18,1.18,2066.37,70.4,119.31,NA,0.98,43.31,44.31,2.51,97.74,15.93,1.01,NA,0,0,0
-0.92,-1.7,-1.36,0.01,0.62,0.91,540.88,59.81,102.92,29.79,0.46,0.85,1.85,14.63,46.04,7.93,0.67,NA,0,23.1,82.41,-3.33,-6.13,-5.21,0.01,0.71,1.89,569.13,126.44,189.13,226.23,0.46,0.84,1.84,14.96,45.64,2.58,1.56,NA,0,28.61,89.91,0.48,0.95,0.74,0.01,0.55,1.86,564.43,98.64,196.48,261.63,0.5,1,2,18.52,49.9,7.67,1.52,15407.6,0,27.9,79.94
4.68,24.28,1.96,0.44,0.89,0.89,152.48,52.07,89.25,NA,0.81,4.18,5.18,55.09,80.71,12.53,0.65,NA,18.82,21.11,80.44,1.41,6.57,0.79,0.07,0.72,0.72,204.82,98,97.06,NA,0.79,3.67,4.67,56.46,78.58,13.58,0.49,NA,27.07,30.98,87.67,0.58,2.56,0.47,0.52,0.81,0.81,292.86,61.75,146.12,NA,0.77,3.4,4.4,35.09,77.28,12.86,0.59,11168.89,22.53,27.69,70.21
6.08,46.84,1.45,0.1,0.11,1.57,86.86,0.27,54.62,81.11,0.87,6.71,7.71,8.8,87.03,6.98,NA,NA,8.89,0.65,30.82,10.46,29.13,1.68,0.9,1.07,2.65,58.55,3.7,21.88,35.02,0.64,1.79,2.79,33.17,64.1,16.32,NA,NA,26.32,3.65,56.36,NA,NA,NA,NA,NA,NA,NA,NA,NA,NA,NA,NA,NA,NA,NA,NA,NA,NA,NA,NA,NA
0.33,2.86,0.12,0.01,0.69,0.7,130.77,73.15,86.29,1.08,0.88,7.62,8.62,9.4,88.4,14.44,0.57,55677.11,16.05,3.26,22.29,0.09,0.68,0.03,0.01,0.85,0.87,107.71,74.32,75.67,1.74,0.87,6.82,7.82,9.16,87.22,10,0.59,35893.38,12.07,2.68,35.82,0.06,0.8,0.05,0.01,0.93,0.93,285.62,235.7,242.31,1.23,0.92,12.05,13.05,4.29,92.34,3.26,0.79,27158.83,4.92,3.31,49.45
-29.96,-73655.56,-1214.1,0.03,0.23,0.23,14750.67,2920.22,14582.64,0,1,2457.44,2458.44,-29.96,99.96,-4.28,0,NA,0,0,0,-5.34,107.41,-115,0.13,0.22,0.26,7843.83,599.36,6426.05,232.37,1.05,-21.13,-20.13,-5.15,104.97,-5.99,-0.06,NA,0,3.95,-3.07,-0.56,10.16,-2.67,0.13,0.22,0.24,1748.07,0.52,1412.68,23.14,1.05,-19.23,-18.23,1.43,105.49,-1.29,-0.05,NA,0,9.53,52.85
33.33,87.01,22.7,0.17,1.37,1.57,247.84,174.3,145.8,30.52,0.62,1.61,2.61,53.63,61.69,59.27,6.71,39696.13,0,13.82,31.76,66.72,89.29,15.39,3.35,3.65,4.17,83.95,5.16,17.33,9.1,0.25,0.34,1.34,103.02,25.28,278.58,6.41,50108.63,0,8.37,28.02,33.45,87.19,29.95,0.34,1.59,1.59,326.85,244.45,194.67,NA,0.62,1.61,2.61,41.87,61.64,56.26,11.34,99512.05,0,7.54,16.12
5.73,10.03,4.02,0.88,1.63,1.66,255.03,36.87,102.37,3.22,0.43,0.75,1.75,82.18,42.8,34.43,1.81,NA,0,53.56,81.46,5.59,11.77,6.93,1.44,2.2,2.23,451.42,50.01,161.91,3.33,0.53,1.11,2.11,51.26,52.54,19.53,3.35,NA,0,56.65,79.88,0.85,1.53,1.07,3.29,6.14,6.39,460.54,91.04,57.2,14.82,0.45,0.8,1.8,30.8,44.52,12.07,4.56,24162.33,0,37.79,80.52
-4.65,-24.52,-2.38,0.42,1.24,1.24,186.48,120.39,110.97,0.02,0.81,4.28,5.28,55.65,81.05,0.39,NA,6835,19.25,30.89,90.27,0.19,0.75,0.05,0.22,1.34,1.34,91.97,74.6,35.1,0.07,0.75,2.93,3.93,117.6,74.58,0.26,NA,7902.4,34.58,29.66,91.34,1.16,3.73,0.46,1.35,1.42,1.42,144.24,6.63,43.71,0.08,0.69,2.21,3.21,96.61,68.89,1.69,NA,7271,37.41,37.72,85.65
-0.46,-0.5,-0.4,6.29,8.27,8.49,312.16,48.13,24.27,5.51,0.08,0.09,1.09,23.76,8.14,336.76,2.86,NA,0,20.77,49.63,-0.65,-0.62,-0.69,-9.35,-11.91,-12.07,382.96,53.31,-20.87,3.4,-0.05,-0.05,0.95,29.99,-5.09,-190.08,3.15,NA,0,32.24,83.01,-3.65,-3.86,-6.5,12.01,14.1,14.15,650.33,NA,31.91,1.78,0.05,0.06,1.06,20.86,5.38,-27.73,3.26,NA,0,43.67,127.86
13.62,23.91,0.98,17.27,17.27,17.27,26.16,NA,1.26,NA,0.05,0.09,1.76,32.1,43.03,303.72,3.08,NA,0,1.33,32.36,4.96,5.17,0.6,13.03,18.95,18.95,44.04,10.21,1.72,0,0.04,0.04,1.04,29.23,4.06,160.65,4.11,NA,0,2.94,64.1,NA,NA,NA,NA,NA,NA,NA,NA,NA,NA,NA,NA,NA,NA,NA,NA,NA,NA,NA,NA,NA
-0.47,-0.71,-0.49,0.26,2.03,2.03,378.91,224.52,126.94,0.15,0.34,0.51,1.51,27.32,33.96,28.97,2.14,NA,0,28.93,69.79,-100.97,-188.18,-20.56,0.48,1.7,1.7,74.12,39.83,27.37,0,0.46,0.86,1.86,52.23,46.35,-191.82,2.26,2363.5,7.22,31.19,148.6,6.13,7.47,28.4,55.55,134.63,134.63,1691.88,980.18,12.39,NA,0.18,0.22,1.22,6.13,17.96,34.11,NA,NA,0,0,0
0,0,NA,NA,NA,NA,NA,NA,NA,NA,0,0,1,0,0,NA,NA,NA,0,NA,NA,4.59,14.59,1.88,2,2,2,149.5,0,73.95,0,0.69,2.18,3.18,242.08,68.55,6.69,NA,NA,0,97.54,97.54,0.07,0.58,0.07,0.02,1.13,1.13,350.96,341.24,305.24,NA,0.88,7.46,8.46,103.87,88.18,0.08,NA,NA,0,99.81,99.81
2.01,4.24,2.76,0.04,1.2,1.49,499.53,101.28,124.49,62.47,0.53,1.11,2.11,3.94,52.6,10.68,2.56,NA,27.28,2.65,16.86,2.57,5.1,4.83,0.01,1.28,1.46,683.2,361.3,181.98,51.43,0.5,0.98,1.98,4.38,49.56,9.76,1.51,NA,21.37,3.4,17.41,2.36,4.16,3.74,0.03,1.05,1.51,576.64,246.41,175.69,113.5,0.43,0.76,1.76,4.56,43.2,13.44,1.62,32588,11.64,3.47,29.48
-17.79,-17.79,NA,NA,NA,NA,NA,NA,NA,NA,NA,NA,1,-17.79,0,NA,NA,NA,0,NA,0,23.69,25.12,15.31,17.53,17.53,17.53,235.31,NA,13.28,NA,0.06,0.06,1.06,24.17,5.71,415.16,NA,1803,0,0.31,1.61,5.66,10.17,0.92,1.18,2.29,2.29,59.34,28.41,25.54,NA,0.44,0.8,1.8,264.97,44.4,12.74,NA,6087.6,0,42.16,96.7
8.33,13.96,2.69,1.2,1.32,2.06,117.78,5.28,23.13,33.91,0.4,0.68,1.68,15.64,40.33,25.68,3.44,NA,19.09,2.36,32.9,11.85,18.92,4.51,2.42,3.05,3.78,138.65,18.65,29.7,21.92,0.37,0.6,1.6,14.41,37.36,36,4.3,NA,15.7,0.97,11.13,10.54,16.28,5.11,2.43,3.18,3.49,177,32.29,42.98,13.71,0.35,0.54,1.54,13.25,35.27,29.88,5.37,14073.33,10.65,1.31,15.18
0.13,3.49,0.05,0.08,0.68,1.1,156,39.97,130.94,58.74,0.96,26.57,27.57,0.19,96.37,0.3,11.78,NA,11.51,0.03,3.79,-0.29,-52.72,-0.21,0.07,0.69,1.14,254.41,133.73,212.07,97.34,0.99,178.01,179.01,-0.29,99.44,0.25,0.71,NA,2.57,0,0,0.6,46.96,0.27,0.04,0.26,0.97,162.47,33.86,153.15,111.44,0.99,77.6,78.6,0.6,98.73,1.87,0.47,NA,3.15,0,0
0.27,-0.8,0.12,0.02,0.53,0.6,166.3,103.23,191.01,13.59,1.33,-3.99,-2.99,3.66,133.42,10.46,-0.85,NA,8.04,1.55,15.69,-4.3,10.63,-3.47,0.03,0.66,0.7,293.81,213.88,320.03,13.09,1.4,-3.47,-2.47,-0.64,140.42,7.11,-0.98,NA,22.59,2.95,19.42,-1.87,3.7,-1.18,0.02,0.62,0.66,229.43,185.95,289.87,10.56,1.51,-2.98,-1.98,2.28,150.56,6.46,-4,66712.5,18.14,2.61,12.33
-7.4,210.67,-3.04,0.44,0.57,0.57,149.34,16.64,130.11,0.01,1.04,-29.47,-28.47,8.51,103.51,-5.04,2.15,NA,10.98,6.53,127.89,0.4,1.43,0.15,0.89,1.28,1.33,138.25,35.13,90.56,4.75,0.72,2.61,3.61,16.05,72.3,2.68,2.9,NA,2.88,5.95,81.62,0.01,0.04,0.01,0.73,1.13,1.28,280.04,0.03,195.75,30.35,0.73,2.74,3.74,18.51,73.26,2.57,3.97,3420.21,1.12,14.2,88.68
-9.52,-18.77,-4.65,0.29,1.37,1.37,177.61,91.46,75.62,NA,0.49,0.97,1.97,10.5,49.28,37.32,1.6,11120.6,5.24,9.77,45.6,19.95,32.5,4.97,1.53,2,2,90.69,14.1,29.72,0.1,0.39,0.63,1.63,47.02,38.61,130.17,2.06,NA,0,6.74,30.39,7.46,16.34,2.04,0.64,1.41,1.42,99.86,39.34,50.76,0.2,0.54,1.19,2.19,42.96,54.36,40.78,1.83,13392,0,9.71,52.45
-174.52,14.29,-33.01,0.01,0.01,0.01,68.84,0,848.13,0,13.21,-1.08,-0.08,77.34,1320.91,-7.02,-14.02,NA,75.22,47.63,132.55,-88.86,2.58,-13.19,0.03,0.03,0.03,54.04,0,1857.51,0,35.39,-1.03,-0.03,-69.49,3539.37,3.83,NA,NA,63.73,2.88,8.75,287.1,-5.84,7.87,0.02,0.02,0.02,10.01,NA,495.47,NA,50.2,-1.02,-0.02,316.42,5019.87,5.72,NA,NA,0,0.8,21.05
11.41,67.92,6.57,0.28,1.19,1.19,209.71,156.14,171.59,0,0.83,4.95,5.95,18.51,83.2,16.02,11.19,NA,0,4.09,18.37,10.87,69.48,5.22,0.08,1.21,1.21,174.9,166.62,147.13,NA,0.85,5.46,6.39,19.99,84.36,13.66,19.33,NA,0,4.38,42.27,-16.24,193.69,-9.6,0.05,0.92,0.92,215.89,200.98,229.43,0.05,1.08,-12.93,-11.93,2.18,108.38,-14.48,-10.98,-440.88,0,10.89,-2107.43
6.63,20.84,4.88,0,0.51,1.1,268.06,89.34,146.84,103.69,0.66,2.08,3.15,9.89,68.21,12.66,1.16,NA,10.6,2.4,22.98,4.68,10.12,8.28,0,0.21,1.8,644.39,70.64,295.26,550.4,0.54,1.16,2.16,8.38,53.77,10.03,13.38,NA,7.32,6.55,30.13,2.22,4.64,7.56,0.01,0.57,4.17,1243.59,160.36,256.41,1044.6,0.52,1.09,2.09,5.99,52.2,5.73,28.98,17352,2.44,12.86,45.64
2.9,19.51,1.87,0.32,0.74,1.08,234.42,82.42,193.1,66.49,0.85,5.72,6.72,39.43,85.13,5.33,1.74,16744.83,0,23.52,82.74,10.38,48.11,4.92,0.32,1.18,1.21,172.69,109.37,130.95,4.47,0.78,3.64,4.64,51.79,78.43,15.54,3.43,21110.63,0,19.65,74.17,0.29,1.65,0.27,0,0.94,1.04,342.53,220.41,204.63,26.21,0.83,4.73,5.73,40.09,82.55,4.56,1.13,18260.9,20.46,37.35,82.84
0.11,0.3,0.08,0.17,1.17,1.68,256.82,145.54,144.74,75.03,0.62,1.62,2.62,21.14,61.89,5.42,12.17,NA,0,14.83,79.06,0.29,1.11,0.27,0.02,0.99,1.38,339.79,236.5,229.52,95.27,0.74,2.8,3.8,10.25,73.68,3.15,72.58,NA,3.82,9.3,61.06,0.27,0.95,0.22,0.43,0.96,1.42,300.02,108.79,206.88,97.4,0.72,2.52,3.52,11.78,71.63,0.38,73.36,NA,0,9.46,98.47
52.92,79.75,7.91,0.89,1.18,1.18,54.41,5.24,18.1,0,0.34,0.51,1.51,52.92,33.64,209.87,1.11,NA,0,0,0,16.61,43.88,9.54,0.19,1,1,209.05,104.39,104.74,NA,0.62,1.64,2.64,16.61,62.16,41.53,1,NA,11.41,0,0,34.62,58.51,14.46,0.86,2.19,2.19,152.46,74.35,46.22,NA,0.41,0.69,1.69,35.09,40.83,111.71,3.41,71847.5,6.2,0.2,0.87
9.49,25.83,190.82,0,0,0,7320.68,NA,1382.61,NA,0.63,1.72,2.72,9.49,63.28,16.05,0.38,NA,44.18,0,0,1.66,4.11,2.73,0,0.01,1.68,597.46,2.81,312.28,594.76,0.59,1.47,2.47,1.66,59.5,2.8,NA,NA,6.65,0,0,-2.9,-3.41,-12.34,0.31,0.34,6.55,1553.17,6.79,22.83,1420.63,0.15,0.17,1.17,-2.9,14.87,-14.97,25.25,NA,13.25,0,0
1.25,1.72,0.82,0.66,3.07,3.07,239.95,120.95,8.1,NA,0.27,0.38,1.38,5.85,27.38,4.57,2.25,NA,17.76,3.03,73.51,1.46,1.89,0.81,0.97,2.54,2.54,200.35,57.63,1.18,0,0.22,0.29,1.29,4.2,22.38,6.54,1.54,NA,17.91,1.51,59.17,6.78,7.17,4.28,-3.53,-3.53,-3.53,230.46,NA,11.27,NA,0.05,0.06,1.06,6.78,5.46,124.29,0.81,NA,0,0,0
9.46,15.08,9.23,1.69,3.37,3.6,354.97,140.77,83.98,19.3,0.26,0.41,1.59,31.41,37.25,46.67,4.74,29284.28,0,21.4,62.88,14.11,25.91,14.97,0.99,1.98,2.04,386.26,164.19,166.19,10.9,0.46,0.84,1.84,32.39,45.53,34.29,5.14,35439.29,0,19.4,55.65,13.66,23.43,8.31,1.12,2.11,2.18,222.07,85.73,86.6,6.21,0.42,0.72,1.72,36.43,41.72,35.92,4.38,39029.36,0,13.85,55.42
42.84,98.45,13.44,0.16,1.5,1.88,114.23,70.08,26.72,20.59,0.56,1.3,2.3,48.38,57.03,83.01,4.3,161000,NA,1.74,8.49,18.05,35.48,2.74,2.74,12.39,13.2,55.32,37.04,3.84,3.13,0.49,0.97,1.97,24.62,49.13,43.65,7.28,114984,0,1,18.7,-2.93,-112.2,-4.02,1.22,6.95,9.24,501.17,274.68,48,111.79,0.97,37.31,38.31,11.65,97.39,3.19,0.58,26347,0,20.01,85.12
2.77,17.45,0.39,0.61,1.19,1.19,43.79,24.16,42.1,NA,0.84,5.3,6.3,82.04,84.13,3.29,NA,NA,0,11.02,94.07,7.5,63.78,3.26,0.15,1.13,1.13,158.38,135.31,138.23,NA,0.88,7.51,8.51,42.81,88.24,8.5,NA,NA,0,15.36,79.97,-0.05,-0.52,-0.02,0.08,1.07,1.07,133.51,117.62,118.5,0,0.9,8.99,9.99,62.81,89.99,0.03,2.6,NA,0,22.99,94.66
0.5,1.01,0.95,0.42,2.16,2.16,694.85,282.33,128.62,1.68,0.51,1.03,2.04,4.06,50.88,6.48,1.93,NA,7.31,6.8,42.99,0.24,0.6,0.37,0.12,1.73,1.95,563.17,357.67,179.03,50.05,0.6,1.49,2.49,2.85,59.87,3.93,3.03,48570.22,9.09,4.04,35.88,-4.56,-12.99,-5.43,0.23,1.38,1.67,434.89,196.66,139.12,55.58,0.65,1.85,2.85,-1.23,64.9,-3.09,2.05,19859.83,10.86,3.97,87.31
-0.51,-9.74,-0.12,0.29,0.62,0.62,86.39,26.38,79.92,0.05,0.94,17.79,19.02,88.26,94.74,3.52,0.14,NA,0,21.07,89.33,7.71,78.11,2.8,0.16,0.58,0.72,132.06,49.32,116.84,16.39,0.89,9.07,10.14,86.98,90.13,19.91,0.3,NA,0,28.76,77.67,3.01,27.39,0.9,0.1,0.84,0.84,109.11,70.79,95.29,NA,0.89,8.06,9.1,86.81,89.01,11.06,0.53,NA,0,25.05,85.29
5.58,5.82,11.67,15.92,21.37,21.38,761.43,155.04,11.05,0.29,0.04,0.04,1.04,12.43,4.08,346.91,5.08,NA,2.32,14.33,29.73,0.07,0.07,0.23,37.91,46.47,46.95,1169.54,174.56,20.43,9.88,0.02,0.02,1.02,6.86,2.15,335.58,5.85,NA,0,21.8,48.33,1.64,1.72,2.89,11.43,19.56,19.61,642.39,205.22,25.27,1.26,0.05,0.05,1.05,13.78,4.62,221.53,4.45,48613.4,0,21.36,49.57
0.2,0.33,0.28,0,1.68,2.39,520.46,170.15,67.95,73.97,0.38,0.62,1.64,26.95,39.17,8.41,2.04,20525.38,21.08,38.24,83.13,10.49,20.28,9.29,0.03,2.09,2.09,322.44,216.74,113.37,0.04,0.47,0.91,1.93,31.71,48.3,26.67,2.44,NA,7.69,18.8,54.33,8.89,21,7.61,0.03,1.62,1.62,312.57,236.78,153.85,NA,0.58,1.36,2.36,25.99,57.67,19.06,2.58,36767.32,4.67,14.65,51.47
35.42,54.66,37.65,0.49,2.21,2.21,386.92,88.28,51.32,0,0.35,0.54,1.54,54.03,35.2,128.88,1.27,30785.8,0,19.78,25.07,29.53,49.26,30.63,0.47,1.55,1.55,377.55,94.48,87.63,0,0.4,0.67,1.67,58.21,40.06,95.14,1.22,15363.9,0,29.75,37.39,32.77,87.26,31.63,0.29,0.81,0.81,352.31,87.41,167.18,NA,0.62,1.66,2.66,61.55,62.45,67.94,0.85,35369,0,27.78,36.2
5.3,18.79,4.25,0,0.55,0.6,291.58,108.06,123.12,9.73,0.72,2.54,3.54,20.19,71.78,10.98,0.5,15742.19,25.77,11.93,54.74,-3.29,-13.58,-9.63,0.03,0.74,0.75,1066.21,440.89,520.7,7.96,0.76,3.13,4.13,9.52,75.8,-1.35,0.61,NA,18.19,37.52,89.71,-7.71,-41.88,-21.87,0.03,0.56,0.6,1036.04,355.32,649.41,24.28,0.82,4.43,5.44,2.5,81.6,-6.64,0.42,3092.89,11.99,28.96,208.64
30.96,62.25,16.22,1.65,1.97,1.97,160.86,21.87,69.61,NA,0.5,1.01,2.01,42.07,50.26,89.7,2.27,13864.2,0,5.82,17.07,-2.51,-7.09,-1.94,1.16,1.62,1.62,280.67,39.36,86.36,NA,0.65,1.82,2.82,10.45,64.56,21.8,1.41,8300,0,10,43.61,-7.58,-23.81,-10.64,0.34,1.61,1.61,512.21,125.95,99.1,NA,0.68,2.14,3.14,7.84,68.16,18.32,1.19,5931.75,9.93,21.64,81.56
14.62,84.41,9.47,0.01,1.08,1.17,235.76,159.42,184.12,17.85,0.83,4.77,5.77,29.47,82.68,20.91,7.47,NA,2.43,9.62,39.87,2.65,35.2,0.9,0.01,1.07,1.07,122.92,60.63,106.16,0.5,0.92,12.27,13.27,28.11,92.46,6.75,2.44,NA,2,8.6,96.24,4.31,56.53,2.36,0.4,1.06,1.07,199.72,55.12,179.78,1.08,0.92,12.12,13.12,19.97,92.38,6.03,3.43,49038.89,0,8.57,46.43
-4.48,-12.54,-14.53,0.04,0.35,0.38,1180.28,219.68,713.21,23.36,0.64,1.8,2.8,4.62,64.27,17.77,0.5,NA,0,29.5,50.71,-8.92,-31.88,-21.78,0.02,0.23,0.24,888.65,115.17,566.57,10.91,0.72,2.57,3.57,2.19,72.01,9.27,0.42,10426.53,0,27.13,56.63,-7.4,-31.54,-16.96,0.01,0.17,0.17,836.16,88.89,531.76,NA,0.77,3.26,4.26,4.37,76.53,4.71,0.39,9711.93,0,26.98,58.41
-1.72,-1.72,NA,NA,NA,NA,NA,NA,NA,NA,0,0,1,-1.72,0,NA,NA,NA,0,NA,NA,0,0,NA,NA,NA,NA,NA,NA,NA,NA,0,0,1,0,0,NA,NA,NA,0,NA,NA,0,0,NA,NA,NA,NA,NA,NA,NA,NA,NA,NA,1,0,0,NA,NA,NA,0,NA,NA
4.34,-887.34,2.9,0.61,0.85,0.85,242.95,53.61,220.93,0,1,-205.23,-204.23,7.41,100.49,11.41,-0.02,NA,0.3,2.05,18.66,0.42,-25.63,0.23,0.19,0.47,0.47,198.9,49.98,171.82,0,1.02,-61.65,-60.65,4.9,101.65,12.84,-0.03,NA,3.85,2.45,22.84,1.67,-208.6,0.94,0.23,0.65,0.65,205.63,79.99,182.85,NA,1.01,-126.16,-125.16,5.26,100.8,8.71,-0.02,NA,2.36,2.02,20.95
-17.92,-63.67,-23.82,0.55,1.37,1.38,186.15,279.08,343.95,6.08,0.72,2.55,3.55,-17.92,71.86,-24.94,NA,NA,0,0,0,7.84,62.59,6.18,0.39,1.14,1.14,286.68,186.45,248.01,0.6,0.87,6.98,7.98,8.25,87.47,8.97,NA,NA,0,0.32,3.89,NA,NA,NA,NA,NA,NA,NA,NA,NA,NA,NA,NA,NA,NA,NA,NA,NA,0,NA,NA,NA
55.79,82,19.91,0.72,3.12,3.16,129.9,80.19,36.12,1.31,0.32,0.47,1.47,65.81,31.96,189.03,6.55,NA,0,3.57,11.61,0.87,1.15,1.59,1.16,4.53,4.59,668.73,359.97,124.88,8.33,0.25,0.33,1.33,10.4,25,24.25,6.27,NA,0,17.52,57.04,-9.51,-10.75,-23.62,4.09,10.53,10.73,907.09,369.91,72.91,14.8,0.12,0.13,1.13,7.65,11.56,-44.02,7.55,10397.17,0,42.64,155.78
8.49,13.13,6.95,1.36,2.51,2.54,297.87,114.91,99.91,3.51,0.34,0.53,1.55,15.37,35.37,36.03,4.93,20265.11,0.04,5.63,30.15,10.42,16.53,11.27,1.07,2.43,2.47,393.82,194.47,142.59,4.71,0.37,0.59,1.59,15.76,36.96,36.83,6.67,25728.77,0,5.78,24.37,4.58,7.09,4.31,1.29,2.59,2.6,342.94,154.86,118.48,0.22,0.35,0.55,1.55,10.73,35.32,22.34,7.29,17137.73,0,5.77,37.47
2.01,8.98,1.56,0.15,0.94,0.95,282.37,107.05,122.52,1.96,0.78,3.47,4.47,14.37,77.64,7.19,0.44,12182.6,5.03,9.59,72.27,2.98,24.18,1.84,0.04,1.2,1.21,224.16,166.06,143.2,2.05,0.88,7.11,8.11,19.27,87.67,8.5,0.58,14903.34,0,10.03,65.57,0.46,3.44,0.22,0,0.84,0.86,176.31,109.7,130.31,2.48,0.86,6.4,7.4,16.26,86.49,5.06,0.59,14755.25,5.98,7.63,64.82
-10.69,-80.83,-8.2,1.15,1.15,1.15,279.41,0,239.66,0,0.87,6.56,7.56,1.12,86.78,-12.32,NA,NA,0,9.07,1051.06,-31.88,-32.04,-4.89,NA,NA,NA,55.9,NA,NA,14.38,0.01,0.01,1.01,-31.88,0.52,-6100,NA,NA,0,0,0,-14.85,-14.94,-7.67,NA,NA,NA,188.47,NA,NA,NA,0.01,0.01,1.01,-14.85,0.6,-2472.73,NA,NA,0,0,0
1.38,9.81,1.39,0.69,2.24,3.64,367.22,105.54,67.76,96.03,0.86,6.1,7.11,22.74,85.94,4.72,0.44,11388.09,0,21.55,78.82,0.62,4.1,0.49,0.54,2.56,4.35,288.15,91.35,45.18,82.02,0.85,5.65,6.65,23.35,84.97,3.07,0.49,NA,0,17.99,87.04,0.33,2.22,0.3,0.06,0.53,0.83,334.36,130.87,280.59,85.48,0.85,5.74,6.74,20.67,85.17,3.29,0.5,NA,0,18.63,81.37
-30.91,135.68,-30.48,0.92,3.48,3.51,358.96,64.67,25.26,0.98,1.23,-5.39,-4.39,-26.83,122.78,-4.3,-0.01,NA,18.49,4.02,729.11,0.32,-0.84,0.15,0.21,1.91,1.93,170.34,46.38,27.33,0.51,1.38,-3.62,-2.62,7.03,138.22,40.81,-0.21,NA,19.9,3.14,9.38,-24.29,33.35,-11.95,0.05,0.22,0.22,179.63,45.63,279.02,0.6,1.73,-2.37,-1.37,-15.8,172.82,9.01,-0.9,10948,10.83,4.18,59.65
3.43,6.61,5.64,0.62,0.77,0.78,598.19,44.08,284.64,0.55,0.48,0.93,1.93,3.43,48.11,70.89,0.84,NA,0,0,0,6.36,14.02,9.43,1.33,1.42,1.42,539.75,27.66,291.72,0.14,0.55,1.2,2.2,6.36,54.65,58.33,2.16,NA,0,0,0,-0.82,-2.35,-2.6,0.51,0.52,0.52,1158.1,11.18,743.48,NA,0.65,1.86,2.86,-0.82,65.09,39.9,0.53,NA,0,0,0
-5.16,-37.61,-50.76,0,0.22,0.22,3583.04,32.45,2673.93,0.03,0.86,6.29,7.29,-3.97,86.29,-5.64,0.17,NA,10.77,11.64,12.52,-5.5,-68.32,-38705.37,0,0.63,0.63,2561227.78,3465.76,489767.11,17.56,0.92,11.42,12.42,-4.57,91.95,-5.93,0.88,NA,10.41,6574.96,-175.63,-0.08,-1.98,-651.84,0.02,0.66,0.66,3045765.46,493532.72,485875.8,8.86,0.96,24.41,25.41,0.78,96.06,-0.06,0.89,-14008.14,9.58,7173.3,-197.41
-27.15,-93.85,-10.46,1.06,1.58,1.58,140.22,35.45,63.39,0,0.71,2.46,3.46,54.85,71.07,-17.18,2.13,NA,2.76,31.59,118.38,33.88,61.14,16.45,2.05,2.31,2.31,176.71,18.8,67.66,NA,0.45,0.8,1.8,97.72,44.59,100.91,10.25,NA,2.06,30.99,48.95,3.1,8.61,1.8,1.21,1.63,1.63,212.04,53.61,51.73,0,0.64,1.77,2.77,58.63,63.96,9.96,NA,6561.75,36.65,32.26,86.58
12.3,40.12,3.09,0.96,1.15,1.15,91.57,11.4,59.94,NA,0.68,2.22,3.26,52.86,69.34,21.93,1.35,NA,0,10.2,63.84,11.74,19.54,2.71,0.98,2.12,2.12,83.99,33.75,29.64,0,0.4,0.66,1.66,49.79,39.92,47.58,2.65,NA,0,8.78,51.57,6.14,30.06,2.81,0.35,1.19,1.19,167.23,81.56,97.1,NA,0.8,3.9,4.9,63.2,79.59,15.05,0.73,29315.5,0,26.15,71.65
7.08,34.86,1.89,0.34,1.18,1.18,97.02,60.86,72.44,0.16,0.8,3.92,4.92,29.7,79.68,15.27,2.41,NA,0,6.03,58.35,11.5,36.1,2.96,0.52,1.37,1.37,93.59,49.64,58.2,0.06,0.68,2.14,3.14,48.7,68.14,27.11,2.86,NA,0,9.56,58.64,11.74,24.86,3.69,0.9,1.83,1.83,114.58,46.21,49.44,0.2,0.53,1.12,2.12,70.1,52.79,44.79,3,NA,0,18.32,72.43
11.14,23.99,7.55,0.47,2.87,2.99,246.69,124.15,60.06,8.41,0.38,0.82,2.15,38.41,53.59,37.77,3.78,24682.5,6.12,18.48,63.17,14.8,319.32,9.04,0.34,1.79,1.82,222.32,132.87,105.51,2.6,0.53,11.54,21.58,35.03,53.58,33.16,0.73,35529.76,1.63,12.36,45.98,23.3,79.84,16.6,0.14,1.23,1.24,259.99,186.7,172.11,1.65,0.71,2.43,3.43,40.37,70.82,36.54,1.89,50100.32,0,12.16,34.66
0.35,1.34,0.28,0.01,0.36,0.72,286.42,67.61,180.54,72.68,0.74,2.79,3.79,32.91,73.62,7.02,0.62,8708.33,9.15,25.62,83,-23.51,-407.56,-20.97,0.04,0.22,0.3,324.6,49.39,270.68,23.8,0.94,16.33,17.33,19.53,94.23,-21.43,0.19,5186.33,8.92,38.39,161.99,-28.97,117.55,-38.35,0.1,0.14,0.18,483.16,19.99,580.13,23.58,1.25,-5.06,-4.06,6.49,124.65,-21.93,-0.29,2036.63,1.63,46.94,354.05
19.63,42.72,4.11,6.02,11.15,11.15,55.95,20.01,3.9,NA,0.54,1.18,2.18,19.63,54.05,62.41,1.09,NA,0,0,0,-0.22,-0.71,-0.11,23.55,25.6,25.6,177.05,8.15,3.97,0,0.68,2.17,3.17,-0.22,68.46,24.82,0.75,NA,0,0,0,0.48,1.15,1.22,3.49,15.82,15.82,924.21,250,20.26,NA,0.58,1.39,2.39,0.48,58.08,11.7,1.43,NA,50.84,0,0
29.06,67.23,12.45,0.27,1.6,1.65,155.99,115.76,87.37,4.47,0.57,1.31,2.31,47.99,56.77,61.3,6.5,NA,0,8.11,30.78,1.74,10.55,1.35,0.12,1.08,1.11,282.32,223.44,232.95,6.66,0.84,5.07,6.07,20.25,83.52,7.78,2.2,NA,0,14.36,75.65,28.57,62.44,14.9,0.34,1.61,1.86,190.33,120.82,95.4,24.18,0.54,1.19,2.19,48.43,54.25,59.22,9.39,22235.8,0,10.36,35.01
-52.85,-1298.28,-10.95,0.07,0.84,0.91,75.39,30.16,39.11,2.51,0.96,23.55,24.57,140.48,95.93,-37.58,0.82,6659.5,0,40.04,124.09,-52.48,112.99,-7.92,0.4,0.41,0.52,54.91,0.24,48.45,5.45,1.46,-3.15,-2.15,91.43,146.45,-18.85,-0.16,7771.5,0,21.71,106.83,-74.7,240.49,-21.56,0.08,0.23,0.37,105.36,19.72,128.4,18.32,1.31,-4.22,-3.22,63.31,131.06,-31.42,-0.56,13420,0,39.84,122.73
0.89,6.17,0.39,0.41,0.94,0.94,158.76,70.58,133.89,NA,0.86,5.95,6.95,11.2,85.61,11.69,0.73,NA,0,4.5,51.07,-4.89,-36.56,-2.53,0.22,0.99,0.99,188.44,124.52,160.61,NA,0.87,6.48,7.48,12.59,86.63,7.02,0.95,NA,0,9.05,69.69,0,0,NA,1,1.13,1.13,NA,NA,NA,NA,0.86,6.21,7.21,0,86.13,0,4.29,0,0,NA,NA
0.76,3.38,0.62,0.05,0.96,1.15,295.51,140.85,150.31,29.22,0.77,3.44,4.44,7.88,77.48,12.04,1.2,NA,4.21,5.78,32.96,15.77,47.92,11.11,0,1.37,1.38,256.45,167.59,113.38,1.26,0.67,2.04,3.04,23.38,67.1,33.24,1.42,NA,5.12,5.36,19.49,2.33,5.19,1.6,0.03,1.91,1.96,249.78,154.01,67.97,4.78,0.55,1.22,2.22,24.63,55.04,60.11,1.74,25990.9,6.62,15.26,55.46
2.86,108.96,6.97,0.17,0.75,0.78,886.52,478.37,829.74,24.48,0.97,36.77,38.1,3.03,97.38,4.29,0.18,NA,0,0.41,3.19,4.14,71.88,8.89,0.01,0.69,0.97,781.58,492.36,724.09,211.48,0.94,16.35,17.35,6.52,94.24,5.25,0.72,NA,0,5.1,30.41,4.56,42.68,6.57,0.1,0.56,1.02,526.61,209.56,455.15,210.37,0.89,8.37,9.37,9.34,89.33,6.27,1.17,9037.22,0,6.91,40.09
8.96,31.51,1.34,0.24,1.18,1.19,54.54,36.42,38.54,0.27,0.72,2.52,3.52,43.3,71.58,26.92,2.08,6340,0,5.15,50.83,-27.12,-128.62,-6.87,0.1,1.1,1.19,92.22,46.23,39.14,6.53,0.79,3.74,4.74,0.22,78.92,-20.69,5.93,NA,35.81,6.92,111.49,-18.73,-79.32,-0.9,0.04,0.17,0.18,17.63,1.77,11.22,0.11,0.76,3.23,4.23,56.28,76.38,6.01,0.3,10555.33,11.34,3.62,42.34
1.93,9.47,0.93,0.11,0.66,0.97,174.77,69.61,95.15,40.85,0.75,3.7,4.91,74.99,79.64,5.66,0.72,NA,18.46,35.08,94.61,1.28,8.44,0.53,0.01,0.8,0.91,149.97,93.4,107.09,13.21,0.85,5.57,6.57,53.25,84.79,5.31,0.67,NA,8.71,21.41,96.68,2.55,10.93,0.62,0.04,0.64,0.81,88.01,34.16,45.38,10.53,0.77,3.28,4.28,73.53,76.65,9.15,0.63,10799.63,21.35,17.11,91.24
2.71,15.89,3.84,0.1,0.73,0.85,516.21,268.05,345.25,50.32,0.83,4.86,5.86,6.28,82.95,6.65,0.58,NA,15.07,5.06,33.68,1.21,8.93,2.17,0.25,0.48,0.51,654.06,130.35,274.56,17.03,0.86,6.4,7.4,4.28,86.48,3.1,0.24,NA,43.84,5.53,32.94,0.98,3.13,3.64,0.17,0.85,1.15,1361.17,620.1,919.55,285.92,0.69,2.21,3.21,7.13,68.86,5.5,1.48,-15666.58,0,22.94,-60.62
-6.95,-35.19,-6.94,0,0.78,1.11,363.6,223.45,288.63,97.31,0.8,4.07,5.07,-6.95,80.26,-5.48,1.79,NA,0,0,0,-4.5,-52.65,-6.75,0.03,0.4,1.03,546.15,183,493.95,318.82,0.91,10.71,11.71,-1.15,91.46,-3.08,1.53,NA,0,5.02,275.34,-2.07,-35.91,-5.15,0.02,0.39,1.02,908.39,306.82,844.2,543.55,0.94,16.35,17.35,-1.24,94.24,-0.56,1.61,NA,0,2.06,149.03
8.9,78.99,3.23,0.5,0.9,0.9,132.22,45.63,115.07,NA,0.89,7.88,8.88,23.76,88.73,12.43,0.54,8814.4,0,5.4,57.32,11.81,71.73,10.53,0.57,0.99,1,324.52,68.16,160.28,0.69,0.84,5.07,6.07,18.97,83.53,22.7,0.99,18812,0,6.38,23.47,3.15,17.81,3.43,0.09,0.81,0.83,397.95,150.92,210.83,3.92,0.82,4.66,5.66,12.98,82.32,18.51,0.89,NA,0,10.72,35.43
10.17,19.24,2.58,0.93,1.59,2.18,92.46,26.05,41.02,24.82,0.47,0.89,1.89,36.16,47.17,23.44,32.48,NA,0,6.6,64.84,8.36,17.92,4.7,0.58,1.63,1.93,204.86,107.97,80.29,31.75,0.53,1.14,2.14,29.41,53.36,16.89,41.52,NA,11.61,11.85,65.5,24.46,34.75,12.89,0.8,2.24,2.76,192.4,74.5,51.58,27.4,0.3,0.42,1.42,48.56,29.6,84.22,2.91,23100.78,0.04,12.7,45.67
11.45,25.35,33.44,1.73,1.75,1.75,1062.55,15.1,575.92,0,0.55,1.21,2.21,12.7,54.82,20.89,14.07,NA,0,3.63,7.24,-0.85,-32.37,-53.25,0.05,0.18,0.18,22882.58,2989.51,22038.62,NA,0.97,37.22,38.22,-0.85,97.38,0.05,0.03,NA,0,0,0,4.22,73.82,146.86,0.21,0.44,0.76,12717,2735.82,11826.49,3733.91,0.94,16.51,17.51,4.29,94.29,5.05,0.2,NA,0,2.63,-1.78
3.68,12.86,2.05,0.42,1.25,1.25,203.02,109.95,117.31,0.06,0.71,2.49,3.49,15.08,71.34,15.21,1.87,35659.44,7.32,6.35,43.11,3.73,6.67,2.93,0.26,1.77,1.78,285.73,174.99,67.72,0.27,0.44,0.79,1.79,26.6,44.05,32.42,2.1,NA,16.79,17.95,54.52,2.95,5.79,2.82,0.05,1.68,1.68,349.56,264.3,121.87,0.34,0.49,0.97,1.97,20.54,49.13,12.13,2.5,24993.82,11.8,16.85,65.54
47.63,105.83,19.17,0.24,0.56,0.56,146.51,NA,79.63,NA,0.55,1.22,2.22,300.43,54.99,97.48,0.65,NA,0,101.75,130.96,-11.51,-49.87,-9.28,0.55,0.67,0.67,293.53,NA,223.13,NA,0.77,3.33,4.33,94.94,76.92,-8.99,0.48,NA,0,85.84,161.76,2.61,16.79,1.48,0.86,0.88,0.89,206.69,NA,172.05,2.09,0.84,5.44,6.44,85.53,84.46,6.13,0.63,57806,0,46.96,93.41
90.18,193.25,15.45,0.51,1.09,1.09,62.37,17.75,30.59,0,0.53,1.14,2.14,221.9,53.33,219.51,1.13,9504.4,0,22.57,50.79,4.28,14.12,1.14,0.46,0.93,0.93,97.21,21.86,46.97,0,0.7,2.29,3.3,78.48,69.66,37.04,0.96,6326.55,0,19.82,69.97,-10.29,-25.99,-3.34,0.96,1.17,1.17,118.48,9.47,45.78,NA,0.6,1.52,2.53,74.56,60.4,27.57,1.15,7012.29,0,27.54,73.03
17.5,58.28,10.65,0.09,0.64,0.68,221.55,78.81,142.22,4.93,0.7,2.33,3.33,18.56,69.97,49.37,0.59,384553,0,0.65,2.45,-0.03,-0.08,-0.02,0.15,0.4,0.47,271.75,41.19,163.33,12.14,0.64,1.79,2.79,1.42,64.21,30.35,0.55,88169,0,1.08,6.1,0.46,1.34,0.62,0.32,0.43,0.48,487.94,32.36,311.37,17.85,0.65,1.88,2.88,1.02,65.29,11.01,0.52,36886.5,0,0.74,5.82
1.34,32.54,0.86,0.02,0.77,0.78,233.19,145.22,183.4,2.67,0.93,22.69,24.34,9.72,95.89,12.59,0.4,NA,4.22,5.37,47.36,-30.84,139.32,-13.31,0.04,0.44,0.46,157.08,68.92,152.48,3.07,1.22,-5.52,-4.52,-19.21,122.14,-5.78,-0.19,NA,11.23,5.02,96.81,-22.37,72.52,-10.21,0,0.69,0.69,166.6,145.05,204.37,0.46,1.31,-4.24,-3.24,-18.31,130.85,-10.79,-2.61,-55142,4.47,1.85,-23.07
5.71,30.82,1.99,0.55,0.58,0.58,116.19,2.17,81.99,0,0.81,4.36,5.4,14.39,81.47,34.63,0.62,NA,0,3.03,20.43,5.61,20.72,1.24,0.64,0.76,0.76,80.73,6.51,51.3,NA,0.73,2.69,3.7,16.74,72.94,44.32,0.96,23908,0,2.47,23.06,-26.07,-1782.02,-18.5,0.55,0.76,0.76,259.09,52.09,244.17,NA,0.98,67.15,68.37,-14.8,98.54,-3.12,0.24,NA,0,7.99,79.3
-0.28,-12.12,-0.27,0.01,0.65,1,352.61,212.1,333.03,119.01,0.98,42.27,43.27,18.47,97.69,5.29,0.94,NA,0,18.16,83.69,0.03,1.09,0.02,0.02,0.51,1.02,257.57,118.52,244.15,126.15,0.97,37.5,38.5,19.53,97.4,1.95,1.58,NA,0,13.8,87.64,0.09,4.92,0.02,0.01,0.74,0.96,97.26,65.88,89.25,19.17,0.98,55.3,56.3,22.03,98.22,3.49,0.54,25885.71,0,5.85,52.36
-3.93,-67.65,-2.62,0.17,0.62,0.9,242.73,72.71,164.55,47.24,0.94,16.2,17.21,20.29,94.19,8.98,0.35,16106.86,0,16.15,68.24,1.11,24.92,0.62,0.34,0.93,0.99,204.65,100.89,170.03,10.03,0.96,21.52,22.52,18.28,95.56,8.65,0.34,21639.14,0,9.65,62.74,12.46,69.93,6.6,0.33,1.07,1.08,193.19,112.61,152.95,1.15,0.82,4.61,5.61,31.02,82.18,24.37,1.43,23090,0,9.82,43.92
0.26,7.64,0.08,-0.18,0.83,0.83,112.48,78.99,78.33,NA,0.97,28.21,29.21,63.14,96.58,4.74,0.71,NA,25.06,19.43,87.42,-14.11,141.34,-6.05,-0.2,0.6,0.6,156.06,99.79,124.67,NA,1.1,-11.02,-10.02,64.41,109.98,-8.96,0.38,NA,28.31,33.67,100.9,8.7,-244.26,5.6,-0.23,0.48,0.48,235.1,120.73,169.73,NA,1.04,-29.08,-28.08,24.38,103.56,17.3,0.41,NA,29.24,10.1,41.22
12.29,67.16,3.24,0.71,1.13,1.13,95.96,23.72,56.22,0,0.82,4.47,5.47,75.54,81.7,24.16,1.24,NA,0,16.67,62.55,-2.31,-48.9,-0.66,0.7,0.92,0.92,104.42,18.41,80.64,NA,0.95,20.12,21.12,48.71,95.27,10.86,0.8,NA,0,14.64,71.72,22.77,85.03,8.62,0.93,1.28,1.28,138.16,32.62,94.32,NA,0.73,2.73,3.73,55.51,73.22,45.42,2.74,15443.83,0,12.39,45.6
6.95,7.16,2.34,22.22,23.53,23.54,122.45,4.52,3.44,0.03,0.03,0.03,1.03,29.33,2.93,603.41,3.02,9494.75,0,7.53,51.88,4.16,5.42,1.37,12.44,12.48,12.48,120.16,0.25,6.32,0.04,0.23,0.3,1.3,21.73,23.26,76.82,2.86,9893.5,0,5.8,52.3,NA,-50.43,-3.61,NA,0,NA,NA,NA,60,NA,NA,2.78,0,NA,NA,3.49,NA,5013.75,NA,6.4,106.84
-4.18,-5.9,-24.11,0.26,0.35,0.35,2100.28,49.86,34.61,0.6,0.27,0.38,1.41,5.93,29.21,-7.92,0.79,19516.5,24.41,58.33,86.06,0.32,0.43,2.03,0.21,0.32,0.32,2337.12,60.02,21.18,0.53,0.24,0.33,1.35,4.88,25.79,10.63,0.81,42940.5,22.39,29.32,50.79,3.08,4.02,17.84,0.28,0.48,0.48,2115.1,86.14,21.11,NA,0.21,0.28,1.3,7.57,23.34,23.57,0.86,44833,19.24,26.04,48.02
11.75,51.91,6.31,0.45,1.28,1.29,195.6,105.14,126.45,0.34,0.75,3.33,4.42,30.06,77.36,19.59,2.15,33233.01,5.15,9.84,50.69,18.74,46.26,5.7,1.05,1.97,1.98,110.72,35.04,39.46,0.12,0.59,1.47,2.47,58.28,59.49,40.23,2.34,37375.22,8.38,12.03,58.76,1.05,5.67,0.74,0.07,1.13,1.15,257.7,191.24,179.27,2.56,0.81,4.38,5.38,20.38,81.42,5.51,1.54,20213.53,5.2,13.65,75.03
8.61,86.88,3.99,0.03,0.58,0.58,168.53,81.98,148.5,0,0.9,9.08,10.09,44.82,90.09,28.27,0.21,18511.17,0,16.77,55.36,3.35,7309.87,2.66,0.03,0.57,0.72,289.28,154.32,284.24,42.27,1,2183.3,2184.3,26.55,99.95,12.78,0.01,20099.62,0,18.44,57.84,0.14,74.04,0.12,0.08,0.59,0.75,314.79,154.98,307.89,50.77,1,540.99,542,13.47,99.82,9.22,0.02,20303.83,0,11.5,59.43
5.47,22.96,6.39,0.03,0.73,0.86,425.2,165.14,230.34,33.58,0.76,3.2,4.2,10.04,76.19,11.5,0.83,NA,16.38,5.34,38.97,1.65,7.49,1.3,0,1.19,1.19,286.93,175.62,130.03,NA,0.78,3.54,4.54,5.02,77.96,5.81,1.25,NA,11.6,2.66,34.69,0.56,2.62,0.59,0.01,1.1,1.14,383.11,226.49,184.91,8.47,0.79,3.66,4.66,3.61,78.55,4.86,1.14,NA,16.13,3.2,35.04
0.83,87.73,0.22,0.17,0.8,0.86,94.88,52.26,86.51,5.09,0.99,104.17,105.17,122.06,99.05,12.47,0.29,13380.1,0,31.6,92.71,0.22,19.05,0.07,0.17,0.8,0.9,116.37,66.56,109.92,11.79,0.99,85.06,86.06,126.8,98.84,10.87,0.17,14598.23,0,40.47,89.7,0,0.17,0,0.19,0.79,0.89,164.38,90.07,155.39,16.07,0.99,105.76,106.76,84.83,99.06,5.61,0.22,19275.07,0,38.2,98.79
-19.5,81.58,-12.05,0.59,0.65,0.7,224.99,17.76,274.82,13.4,1.24,-5.18,-4.18,44.93,123.9,-10.69,-1.98,NA,0,39.83,118.95,-27.45,-30.82,-11.37,3.94,6.42,6.72,150.82,39.78,16.01,4.87,0.11,0.12,1.12,55.72,10.93,-123.98,3.55,NA,0,34.46,111.71,-4.2,-4.56,-2.17,9.38,10.48,10.48,188.67,15.98,14.49,NA,0.08,0.09,1.09,69.33,7.91,117.04,5.59,7139.75,0,38.01,93.23
0,0,NA,NA,NA,NA,NA,NA,NA,NA,0,0,1,0,0,NA,NA,NA,0,NA,NA,37.91,100,36.59,1.52,1.61,1.61,351.41,20.07,215.81,NA,0.62,1.64,2.64,37.91,62.09,61.04,NA,NA,0,0,0,20.13,42.73,18.99,0.18,1.94,1.94,344.25,307.29,174.64,NA,0.53,1.12,2.12,32.16,52.88,38.07,NA,NA,0,11.35,32.55
3.38,7.44,2.06,0.37,0.69,1.55,221.37,37.7,92.6,102.06,0.54,1.2,2.2,49.55,54.52,26.24,2.79,12481.29,11.51,28.08,73.67,-29.19,-171.58,-22.7,0.16,0.52,1.22,283.13,65.96,185.18,132.7,0.83,4.87,5.88,2.56,82.99,-28.39,1.77,NA,7.43,24.69,258.76,-22.72,-420.43,-8.53,0.06,0.56,1,137.06,53.52,108.05,48.45,0.94,17.49,18.5,11.63,94.6,-15.38,0.95,4976.67,4.7,12.9,142.44
14.66,16.61,22.24,8.52,8.52,8.52,552.35,NA,64.14,NA,0.12,0.13,1.13,14.66,11.74,124.83,NA,NA,0,0,0,9.85,10.71,65.35,10.59,12.44,12.44,2414.05,356.44,191.88,0,0.08,0.09,1.09,9.85,8.04,122.6,NA,NA,0,0,0,2.28,2.42,25.92,17.31,17.94,17.94,4146.83,144.31,227.93,NA,0.06,0.06,1.06,2.28,5.57,40.94,NA,NA,0,0,0
-1.04,-1.04,NA,NA,NA,NA,NA,NA,NA,NA,NA,NA,1,-1.04,0,NA,NA,NA,0,NA,0,5.68,31.72,1.42,0.86,1.21,1.22,91.2,-0.11,74.05,0.25,0.82,4.58,5.58,5.68,82.09,6.92,NA,NA,0,0,0,0.9,8.18,0.45,0.01,1.12,1.12,181.68,177.76,159.52,NA,0.89,8.11,9.11,0.9,89.02,1.01,NA,NA,0,0,0
-0.68,-0.72,-0.6,4.29,8.15,10.47,321.32,60.79,15.72,36.94,0.05,0.05,1.05,3.74,4.97,317.29,2,NA,0,3.9,19.84,-0.48,-0.56,-0.78,0.34,2.62,5.02,595.54,188.38,33.32,200.81,0.14,0.16,1.16,4.63,14.15,73.26,2.94,NA,8.35,8.37,33.96,7.36,18.84,53.13,0.01,0.59,1.48,2636.02,930.25,1551.01,1424.37,0.61,1.56,2.56,9.89,60.95,13.87,4.04,8353,1.24,18.27,50.58
5.38,14.36,1.29,0.38,1.5,1.5,87.23,60.63,53.94,NA,0.63,1.67,2.67,30.37,62.53,77.55,NA,NA,0,5.99,31.77,8.62,25.6,2.61,0.16,1.49,1.49,110.15,96.01,72.27,0,0.66,1.97,2.97,28.33,66.34,12.99,NA,NA,0,5.97,55.46,6.78,18.61,2.21,1.06,1.55,1.55,118.9,37.04,74.53,0,0.64,1.74,2.74,24.21,63.55,10.67,NA,NA,0,5.68,59.5
26.06,66.33,27.38,0.24,1.6,1.61,382.39,179.9,162.44,1.49,0.61,1.55,2.55,39.72,60.71,47.12,1.85,NA,13.02,14.35,27.94,21.21,NA,25.3,0.22,1.3,1.31,434.17,94.71,58.67,0.29,0.59,NA,NA,41.7,58.93,44.4,0.52,NA,40.85,24.44,37.73,4.6,10.82,7.08,0.01,1.08,1.09,561.47,157.58,108.67,1.35,0.57,1.35,2.35,22.16,57.45,14.89,1.04,23088.54,34.03,27,57.85
0,0,NA,NA,NA,NA,NA,NA,NA,NA,0,0,1,0,0,NA,NA,NA,0,NA,NA,0.77,0.81,1.14,17.12,17.12,17.16,542.15,0,31.25,1.12,0.06,0.06,1.06,0.77,5.83,13.14,NA,NA,0,0,0,2.11,2.12,8.77,221.57,224.17,224.91,1519.02,17.38,6.66,4.99,0,0,1,2.11,0.44,473.91,NA,NA,0,0,0
-0.74,-42.01,NA,0.03,0.03,0.03,NA,NA,NA,NA,0.98,55.72,56.72,-0.74,98.24,-0.75,0.02,NA,0,NA,0,0.27,13.52,28.35,0.04,0.04,0.04,37603.93,0,36435.6,0,0.98,48.25,49.25,0.27,97.97,0.28,0.02,NA,0,0,0,0.77,28.34,20.81,0.07,0.08,0.08,9840.9,76.15,9441.7,NA,0.97,35.71,36.71,0.77,97.28,0.79,0.03,NA,0,0,0
0.35,1.4,0.21,0.14,0.66,0.84,223.64,78.09,150.83,27.86,0.75,3.04,4.04,14.92,75.27,18.01,0.76,NA,0,8.95,53.62,-43.93,723.85,-40.63,0.05,0.33,0.55,336.64,96.35,351.76,80.05,1.06,-17.48,-16.48,-31.69,106.07,-18.59,-0.15,NA,0,11.32,-627.42,30.33,118.16,8.39,0.27,0.72,0.98,100.96,33.39,73.73,19.4,0.74,2.9,3.9,38.97,74.33,62.59,1.02,42950,0,2.39,14.84
1.79,18.83,0.99,0.02,0.93,0.93,201.05,163.45,179.6,NA,0.9,9.5,10.51,4.25,90.48,2.29,0.62,NA,0,1.36,30.38,7.49,32.41,1.25,0.14,1.08,1.16,60.97,41.85,44.35,3.68,0.77,3.33,4.33,12.64,76.9,12.73,1.87,NA,0,0.86,37.29,-11.99,-53.88,-29.18,0.03,1.05,1.1,888.57,663.08,535.14,34.07,0.78,3.49,4.49,-4.99,77.75,-11.75,1.44,1188.33,15.5,17.04,1285.16
17.84,81.63,8.1,2.6,2.95,2.89,165.24,0.34,46.01,-2.79,0.78,3.58,4.58,31.2,78.14,30.88,2.35,NA,19.75,6.06,27.71,-0.02,-0.12,-0.06,5.13,9.11,22,1167.87,60.87,35.84,468.42,0.84,5.39,6.39,8.83,84.34,8.67,2.79,NA,72.37,28.39,34.58,-3.86,-26.27,-14.09,4.47,6.44,16.72,1333.92,0.1,59.9,624,0.85,5.81,6.81,-1.32,85.32,2.21,3.86,NA,76.67,9.27,14.38
-1.48,-1.51,NA,50.17,50.17,50.17,NA,NA,NA,NA,0.02,0.02,1.02,-1.48,1.99,-74.44,NA,NA,0,NA,NA,13.7,14.38,58.97,26.19,26.19,26.19,1566.65,NA,59.16,NA,0.05,0.05,1.05,13.7,4.69,292.02,NA,NA,0,0,0,-8.35,-8.46,NA,75.12,75.12,75.12,NA,NA,NA,NA,0.01,0.01,1.01,-8.35,1.33,-627.37,NA,NA,0,NA,0
2.34,9.64,1.87,0.43,1.1,1.14,291.43,146.65,138.62,7.28,0.76,3.13,4.13,3.96,75.77,6.82,1.78,61042.68,27.57,1.3,18.63,6.85,22.15,4.12,0.23,1.21,1.25,219.04,146.63,120.62,5.01,0.69,2.23,3.23,9.3,69.08,14.32,2.25,76625.83,13.35,1.48,16.61,1.52,3.43,0.98,0.14,1.34,1.44,236.07,155.07,103.77,12.81,0.56,1.25,2.25,4.96,55.65,8.33,2.59,NA,11.04,2.23,36.42
5.71,88.92,1748.54,1.02,664.91,664.91,111542.2,55745.14,83.97,NA,0.93,14.52,15.58,5.71,93.58,6.47,2.01,NA,74.93,0,0,-1.84,-37.13,-7076.91,6.97,4591.57,4591.57,1397111.69,681721.89,149.45,0,0.95,19.06,20.14,-1.84,95.03,0.24,1.98,NA,70.51,0,0,-4.18,-511.25,-15939.68,13.31,4114.97,4114.97,1390754.32,680895.6,171.26,0,0.99,120.97,122.21,-4.18,99.18,-2.12,2.05,NA,71.02,0,0
1.25,13.13,0.42,0.9,1,1,122.1,11.17,109.3,NA,0.91,9.54,10.54,1.25,90.51,1.59,1.03,NA,0,0,0,2.81,45.54,1.43,0.11,0.74,0.74,185.53,108.52,172.17,0,0.94,15.2,16.2,2.81,93.83,7.82,0.2,NA,0,0,0,6.77,48.64,3.66,0.41,0.73,0.81,197.19,51.32,162.94,13.4,0.86,6.19,7.19,10.21,86.09,14.78,0.51,20143,0,1.86,18.61
0.16,0.25,0.09,1.29,2.24,2.26,207.78,62.32,65.2,1.11,0.37,0.59,1.59,34.15,37.07,24.37,2.57,8502.62,0,19.4,94.87,5.93,9.57,4.07,0.8,2.57,2.59,249.54,131.88,74.24,1.33,0.38,0.61,1.61,39.81,38,38.39,3.12,15348.93,0,23.23,60.9,4.08,6.14,2.69,1.61,2.65,2.67,240.5,77.17,74.51,1.31,0.34,0.51,1.51,36.04,33.58,37.26,4.18,13804.52,0,21.06,65.86
-25.98,-46.96,-170.75,0.08,1.39,1.41,2392.62,1388,1057.48,24.85,0.45,0.81,1.81,-25.98,44.69,7.7,1.5,NA,0,0,0,-7.01,-13.14,-30.72,0.08,1.45,1.47,1595.36,1009.64,736.39,18.08,0.47,0.88,1.88,-7.01,46.67,3.99,1.7,NA,0,0,0,-9.01,-9.13,-8.66,3.69,75.43,77.19,351.14,321.86,4.49,8.01,0.01,0.01,1.01,-9.01,1.3,-695.24,NA,NA,0,0,0
7.97,80.54,2.65,0.44,1.06,1.06,121.25,66.9,107.93,NA,0.9,9.1,10.1,8.09,90.1,13.44,2.08,NA,0,0.04,0.82,-38.26,225.88,-7.85,0.48,0.7,0.7,74.68,19.15,86.22,NA,1.17,-6.9,-5.9,-33.94,116.94,-22.36,-0.97,NA,0,0.89,-13.95,-0.74,1.45,-0.11,0.32,0.48,0.48,55.47,12.52,82.33,NA,1.51,-2.96,-1.96,6.98,150.9,5.86,-1.88,NA,0,1.17,33.45
2.72,62.48,2.44,0.07,0.93,1,326.67,242.8,278.91,20.34,0.94,21.68,22.95,7.31,95.64,5.91,1.18,NA,7.35,4.12,71.24,1.12,11.99,0.39,0.33,1.01,1.09,125.33,66.44,94.42,7.82,0.91,9.72,10.72,11.81,90.67,4.79,1.33,NA,11.33,3.68,57.55,1.05,6.75,0.75,0.41,1.11,1.18,263.09,131.94,178.24,13.78,0.84,5.44,6.44,18.29,84.48,4.42,1.85,29682.28,13.67,12.43,65.43
0.32,2.13,0.08,0.45,0.9,1.04,91.05,33.18,71.4,10.64,0.85,5.57,6.57,76.26,84.79,18.18,1.08,5466.56,3.44,18.99,94.28,0.61,7.08,0.24,0.21,0.67,1.06,142.85,58.21,127.62,50.41,0.91,10.61,11.61,48.16,91.39,3.88,1.85,8665.86,0,18.66,89.11,16.31,64.65,3.54,0.92,1,1.01,79.12,4.94,57.96,0.7,0.75,2.96,3.96,51.02,74.78,30.44,1.02,14345.2,0,7.52,52.98
-66.91,30.77,-60.34,0.03,0.3,0.3,328.29,269.58,1007.94,0,3.17,-1.46,-0.46,72.87,317.46,-20.35,-30.39,NA,0,126.07,172.62,-262.22,36.79,-286.96,0.01,0.11,0.11,398.35,300.53,3140.55,0,8.13,-1.14,-0.14,-6.13,812.74,-31.76,-68.05,NA,0,280.26,2273.03,-156.31,18.14,-139.85,0.02,0.07,0.07,326.56,177.8,3045.53,NA,9.62,-1.12,-0.12,33.36,961.77,-16.12,-29.98,596,0,169.69,1111.07
1.38,32.87,0.31,0.06,0.92,1.02,80.57,63.18,73.7,7.94,0.96,22.85,23.85,81.25,95.81,4.27,0.94,10048.11,0,17.68,89.13,2.04,50,0.79,0,0.86,0.94,141.42,113.49,116.36,10.97,0.96,23.49,24.49,47.75,95.92,4.16,0.44,NA,11.12,17.76,64.18,2.02,21.08,0.38,0.1,0.99,0.99,68.16,51.84,58.25,NA,0.9,9.42,10.42,92.83,90.41,9.52,0.83,7527.09,0,16.96,122.46
-14.58,111.67,-10.81,0.09,0.83,0.83,269.86,224.73,301.47,0,1.13,-8.66,-7.66,-10.01,113.06,-9.35,-2.47,NA,0,3.39,-83.26,1.48,-8.11,0.51,0.15,0.8,0.8,125.35,94.96,146.24,NA,1.18,-6.47,-5.48,6.34,118.26,4.06,-3.4,NA,0,1.67,48.24,4.75,-105.7,2.4,0.08,0.93,0.93,184.11,161.01,189.48,NA,1.04,-23.22,-22.24,6.86,104.5,5.34,-2.64,27671,0,1.06,25.81
0.66,3.05,0.41,0.58,1.83,1.83,223.55,75.85,47.36,NA,0.78,3.62,4.62,23.38,78.37,18.47,1.46,NA,44.24,13.95,65.49,-6.2,-53.87,-2.31,0.02,1,1,135.34,73.07,65.31,NA,0.88,7.69,8.69,15.42,88.49,4.04,0.99,NA,30.9,8.04,69.04,-7.19,-86.78,-2.61,0.01,0.6,0.6,132.42,45.17,52.97,NA,0.9,10.82,12.06,17.7,91.71,-7.93,0.61,4308.73,39.86,9.03,98.44
0.92,8.3,0.42,0.53,0.97,1.13,165.77,59.81,135.31,22.05,0.89,8.05,9.05,26.29,88.95,4.35,1.78,NA,0,11.56,77.51,15.47,71.89,5.09,0.67,1.29,1.33,119.78,54.14,87.06,3.26,0.78,3.65,4.65,35.33,78.48,21.78,11.46,NA,0,6.53,47.14,25.15,59.69,5.08,1.23,1.84,1.89,73.66,23.06,38.23,2.06,0.58,1.37,2.37,39.61,57.86,45.67,188.39,NA,0,2.92,30.13
-9.9,-25.89,-38.1,0,0.91,1.34,1400.5,769.28,849.08,371.89,0.62,1.61,2.61,0.28,61.75,-11.57,2.41,NA,0,39.18,276.53,12.06,20.01,28.16,0.45,0.77,0.77,850.16,105.38,329.15,NA,0.4,0.66,1.66,20.33,39.76,37,0.88,NA,0,19.33,94.01,0.69,1.11,2.32,0.23,0.38,0.38,1233.71,67.45,452.73,NA,0.38,0.62,1.62,8.95,38.26,11.34,0.73,8972.22,0,27.93,62.26
3.33,13.74,1.11,0.51,0.63,0.95,121.06,10.54,90.7,29.69,0.76,3.13,4.13,4.58,75.76,30.64,0.91,NA,0,0.42,5.84,0.53,6.04,1.74,0.36,0.39,0.73,1200.65,16.3,749.02,260.82,0.91,10.45,11.45,8.74,91.27,7.3,0.69,NA,28.18,27.1,44.82,0.23,3.39,0.26,0.06,0.33,0.69,411.9,82.76,303,110.48,0.93,13.73,14.73,5.42,93.21,0.25,0.52,3922,18.59,5.86,64.57
15.8,24.23,4.61,1.78,2.87,2.87,106.13,39.82,36.52,0,0.35,0.53,1.53,15.8,34.79,45.42,NA,-170.5,0,0,0,33.11,52.38,7.52,3.67,9.55,9.55,82.65,50.32,8.56,0,0.37,0.58,1.58,34.54,36.79,90,NA,-24221,26.31,0.33,-0.98,-108.55,-119.97,-19.72,7.58,10.51,10.51,66.32,18.25,6.23,NA,0.1,0.11,1.11,-18.73,9.52,-1140.64,NA,-430,0,16.32,-550.93
1.26,2.26,0.3,0.58,2.06,2.06,87.54,55.19,37.21,0,0.44,0.8,1.8,221.03,44.34,24.15,6.04,NA,0,52.85,98.68,4.2,6.83,1.5,1.09,2.69,2.69,130.4,75.03,46.87,NA,0.39,0.63,1.63,153.77,38.53,36.12,NA,NA,0,53.58,95.11,0.58,1.31,0.54,0.59,1.81,1.81,339.63,221.34,180.64,NA,0.56,1.26,2.26,73.51,55.8,1.04,NA,NA,0,67.86,111.87
16.13,53.4,6.5,0.87,1.43,1.43,146.7,55.86,101.26,NA,0.7,2.31,3.31,35.77,69.79,23.11,NA,NA,0,7.91,48.24,7.05,21.42,2.14,0.61,1.48,1.48,110.52,63.98,73.32,NA,0.67,2.04,3.04,37.89,67.08,10.51,NA,NA,0,9.36,75.87,2.91,14.69,0.74,0.4,1.24,1.24,93.17,61.98,73.67,0,0.8,4.04,5.04,34.74,80.17,3.63,NA,NA,0,8.12,86.91
20,100,4.95,0.59,0.96,0.97,87.29,26.95,71.22,0.37,0.8,4,5,20,80,30.58,0.9,NA,0,0,0,-22.81,-335.49,-8.93,0.49,0.49,0.79,142.5,NA,131.27,38.67,0.93,13.71,14.71,-22.81,93.2,-17.38,0.26,NA,0,0,0,23.82,25.37,8.62,13.18,13.18,13.18,132.04,NA,7.96,NA,0.06,0.07,1.07,23.82,6.11,493.76,4.93,NA,0,0,0
2.11,54.63,2.77,0.14,0.93,0.93,478.5,355.44,452.16,0.14,0.96,24.91,25.91,10.47,96.14,16.45,0.37,34178.6,0,10.99,33.86,-12.33,169.71,-18.31,0.02,0.5,0.5,540.52,268.59,569.44,0.1,1.07,-14.76,-13.76,1.07,107.27,0.78,-0.15,15508.18,0,19.89,82.81,5.5,90.6,8.68,0.45,1.08,1.08,575.61,317.38,501.47,0.14,0.94,15.47,16.47,15.88,93.93,6.9,1.4,19751.27,0,16.36,61.13
-7.34,-13.75,-18.34,0.02,1.27,1.54,908.89,361.73,287.69,78.34,0.47,0.87,1.87,13.33,46.61,-7.08,1.07,3916.5,0,51.63,196.77,-3.54,-6.96,-6.27,0.44,1.23,1.44,644.59,180.12,229.07,48.93,0.49,0.97,1.97,18.24,49.17,2.14,1.06,12766.67,0,38.57,93.63,-31.07,-87.52,-330.3,0,0.85,0.99,3880.65,1391.33,1641.07,231.37,0.65,1.82,2.82,-11.44,64.5,-39.43,0.63,-1308.57,0,208.68,-1077.53
0.21,1.47,0.08,0.65,0.78,0.92,133.12,12.18,58.71,12.72,0.85,5.89,6.89,11.25,85.5,8.11,0.83,11277.12,39.64,4.03,53.56,0.36,19.61,0.07,0.15,0.39,0.59,70.53,12.26,28.61,10.68,0.98,54.02,55.02,17.19,98.18,9.87,0.45,NA,54.72,3.26,51.96,6.77,77.2,1.26,0.02,0.63,0.63,68.1,29.12,47.84,0.2,0.91,10.4,11.4,22.85,91.23,17.78,0.53,17918.2,17.75,3,42.2
-76.55,36.53,-1019.54,0.07,0.18,0.24,4848.14,1712.6,14752.09,803.42,3.1,-1.48,-0.48,-76.55,309.57,-5.09,-8.45,NA,0,0,0,-67.89,12.45,-298.54,0.05,0.07,0.13,1600.66,271.62,10215.66,596.53,6.45,-1.18,-0.18,-67.89,645.31,-1.88,NA,NA,0,0,0,-106.14,28.43,-749.33,0.21,0.21,0.21,2576.9,0,12028.8,0,4.73,-1.27,-0.27,-106.14,473.28,-22.43,NA,NA,0,0,0
-38.88,205.79,-49.96,0.51,1.41,1.41,467.71,296.59,327.17,NA,1.19,-6.29,-5.29,-38.88,118.89,-32.7,NA,NA,0,0,0,-21.28,52.42,-33.23,0.41,1.19,1.19,568.33,368.61,471.65,NA,1.41,-3.46,-2.46,-21.28,140.6,-15.14,NA,NA,0,0,0,36.3,325.81,54.57,0.47,2.28,2.28,548.75,429.21,237.43,0,0.89,7.98,8.98,36.3,88.86,40.85,NA,NA,0,0,0
-1.82,-15.51,-0.78,-0.36,1.14,1.14,156.93,150.77,100.25,NA,0.88,7.54,8.54,47.23,88.29,9.06,1.34,6111.23,20.22,21.14,94.52,-15.19,-2859.8,-4.46,-0.38,0.95,0.95,106.79,109.42,82.7,0,0.99,187.26,188.26,85.64,99.47,-0.8,0.83,6454.19,17.74,29.58,94.2,-21.39,-78.98,-8.82,-0.81,1.4,1.4,150.52,182.22,82.19,NA,0.73,2.69,3.69,91.87,72.92,-3.05,2.02,5803.79,12.51,46.7,93.99
-147.82,-291.24,-150.08,0.82,0.82,0.82,187.83,NA,180,NA,0.49,0.97,1.97,-147.82,49.25,-300.16,0.85,NA,0,0,0,1.54,93.38,19.14,0.08,0.1,0.1,4513.39,27.37,1119.3,NA,0.98,59.5,60.5,1.54,98.35,4.1,0.71,NA,72.88,0,0,5.07,76.3,30.72,0.35,0.37,0.37,2212.72,14.75,623.05,NA,0.93,14.06,15.06,5.07,93.36,10.5,0.76,NA,64.44,0,0
5.17,33.87,3.81,1.16,1.18,1.18,134.16,5.29,224.85,NA,0.85,5.55,6.55,5.17,84.73,6.11,NA,NA,0,0,0,-75.81,-77.55,-6.53,41.33,44.46,44.46,31.33,2.18,0.7,NA,0.02,0.02,1.02,-75.81,2.25,-3370.41,NA,NA,0,0,0,6.64,20.94,2.43,1.37,1.46,1.46,133.44,8.13,89.89,0,0.68,2.15,3.15,6.64,68.3,9.72,NA,NA,0,0,0
7.09,16.04,2.63,0.06,1.32,1.32,135.3,65.16,59.12,NA,0.52,1.17,2.26,30.52,55.83,33.15,1.27,30637.59,0.88,8.71,56.22,2.56,6.57,1.65,0.02,1.21,1.21,235.03,153.01,71.83,0,0.6,1.55,2.57,20.86,61.08,20.14,1.34,23690.95,26.83,11.82,58.62,2.24,4.63,1,0.01,1.33,1.34,162.97,91.58,68.66,0.57,0.51,1.06,2.07,31.27,51.59,30.9,1.34,19419.12,4.03,12.96,56.6
2.5,2.98,3.64,3.84,8.13,8.13,529.55,276.22,64.39,0,0.15,0.18,1.19,67.55,16.13,16.3,NA,NA,0,94.64,94.64,10.15,11.32,13.66,15.66,16.65,16.65,490,28.7,29.11,0,0.09,0.1,1.11,52.51,10.3,114.01,NA,NA,0,57.02,74.65,-15.57,-19.83,-17.08,5.68,5.68,5.68,400.45,0,69.58,0,0.22,0.27,1.27,44.89,21.5,-72.41,NA,NA,0,66.33,127.03
NA,NA,9.39,NA,NA,NA,NA,NA,NA,NA,NA,NA,NA,NA,NA,NA,NA,4638,NA,0.27,2.18,8.41,9.44,3.27,10.52,15.14,15.14,141.4,42.73,9.23,0,0.11,0.12,1.12,30.05,10.89,77.26,NA,NA,0,8.41,67.63,3.46,3.61,5.05,26.56,38.9,38.9,532.75,166.62,13.51,NA,0.03,0.03,1.04,48.46,4.05,134.62,NA,8115,0,65.68,89.72
0.97,10.04,0.57,0.21,0.54,1.01,212.73,61.09,189.47,91,0.9,9.34,10.34,38.91,90.33,3.2,1.06,5085.25,0,22.17,111.22,0.7,8.65,0.58,0.15,0.57,0.83,303.64,115.6,272.48,71.52,0.92,11.41,12.41,35.12,91.94,6.89,0.33,4046.2,0,28.71,133.24,-0.26,-3.19,-0.17,0.06,0.68,0.84,230.66,128.37,206.71,34.53,0.92,11.15,12.15,35.97,91.77,9.36,0.36,7584.4,0,22.9,71.06
0.66,1.02,0.43,1.06,2.53,2.87,237.3,106.22,71.97,25.01,0.35,0.53,1.53,26.58,34.72,34.25,6.04,NA,1.24,16.89,63.16,1.99,2.65,1.05,1.52,3.09,3.57,192.24,73.73,46.84,22.44,0.25,0.33,1.33,31.37,24.96,42.02,6.35,NA,0,15.52,66.22,2.46,4.73,1.1,1.08,2,2.29,163.91,53.63,58.62,17.19,0.48,0.92,1.92,34.82,48.01,21.27,3.76,17722.2,5.79,14.53,67.3
9.94,19.06,19.66,3.02,4.54,4.55,720.21,77.93,51.29,0.17,0.48,0.92,1.92,19.04,47.85,36.68,1.39,42968.5,0,18.02,28.85,5.58,11.35,14.82,0.98,2.23,2.25,967.56,178.43,142.72,2.09,0.51,1.03,2.03,14.65,50.85,24.7,1.29,NA,0,24.12,35.39,15.94,92.48,17.09,0.36,2.42,2.43,391.25,88.33,42.96,0.47,0.83,4.8,5.8,29.33,82.77,30.39,1.23,47828.6,0,14.36,31.57
-9.66,224.54,-5.31,0.31,0.42,0.47,200.06,22,114.97,8.71,1.04,-24.24,-23.24,36.79,104.3,-1.5,-0.08,NA,44.03,25.53,93.21,29.4,119.05,12.92,0.67,0.74,0.74,160,7.06,69.54,0,0.75,3.05,4.05,69.17,75.31,65.5,0.66,NA,22.83,17.48,56.58,6.83,32.73,4.3,0.02,0.28,0.28,229.86,44.11,156.05,NA,0.79,3.79,4.79,35.02,79.13,8.63,0.3,NA,7.41,17.75,83.19
3.8,78.19,1.72,0.7,0.87,1.19,164.92,21.65,125.87,39.95,0.83,17.05,20.58,16.53,95.14,8.22,1.31,9294.67,0,5.77,56.24,22.96,66.98,1.97,0.14,1.44,1.46,31.22,23.99,18.47,0.46,0.66,1.92,2.92,51.91,65.73,45.6,3.43,16905.5,0,2.48,45.29,3.11,11.87,1.36,0.08,1.2,1.3,159.45,99.85,81.71,8.88,0.74,2.82,3.82,22.63,73.82,11.25,1.69,12896.5,4.71,8.53,59.47
-7.53,165.8,NA,0.02,0.05,0.05,NA,NA,NA,NA,1.05,-23.03,-22.03,-7.53,104.54,-7.2,-0.05,NA,0,NA,0,-13.03,78.14,-356.99,0.01,0.01,0.01,9974.02,0,11509.16,0,1.17,-7,-6,-13.03,116.67,-6.69,-0.17,NA,0,0,0,19.6,699.71,7.23,0.08,0.1,0.1,134.52,2.08,128.96,NA,0.97,34.69,35.69,19.6,97.2,30.46,0.03,NA,0,0,0
0.98,8.31,0.61,0.44,1.14,1.14,92.33,137.98,197.16,NA,0.88,7.46,8.5,14.34,88.24,1.11,NA,NA,0,8.39,87.34,4.78,34.15,1.32,0.04,0.85,0.93,100.48,65.51,81.73,7.17,0.82,5.89,7.14,64.5,85.99,15.08,0.62,NA,0,16.49,78.01,1.4,13.6,0.45,0.04,0.67,0.95,116.5,63.98,101.57,28.51,0.89,8.61,9.71,33.21,89.71,8.08,0.64,NA,0,10.15,72.63
15.94,28.15,13.74,0.24,1.27,1.68,313.82,124.86,121.24,50.48,0.43,0.76,1.77,46.71,43.38,45.28,5.55,NA,0,26.53,55.92,1.93,3.79,1.82,0.8,2,2.02,344.01,186.75,155.61,3.44,0.49,0.97,1.97,28.18,49.24,9.55,7.05,NA,0,24.81,81,3.8,6.34,2.63,0.53,2.54,2.56,252.23,177.37,88.15,2.1,0.4,0.67,1.67,31.07,40.04,16.84,7.14,35045.68,0,18.84,74.75
-128.12,-180.43,-4.81,5.34,3.53,3.53,5.82,-6.95,3.83,NA,0.29,0.41,1.41,16.25,28.99,-441.9,NA,NA,0,5.42,449.19,-2.94,209.79,-0.74,0.51,0.99,0.99,91.1,-1,91.32,NA,1.01,-72.42,-71.42,2.21,101.4,-2.9,NA,NA,0,1.29,173.3,0.52,-0.53,0.12,0.07,0.41,0.5,84.71,-1.64,165.6,16.33,1.98,-2.02,-1.02,28.71,198.36,0.26,NA,13296,0,6.54,94.03
-30.04,15.96,-18.4,0.02,0.27,0.27,223.02,151.19,603.01,NA,2.88,-1.53,-0.53,60.14,288.19,-3.55,-7.21,NA,6.07,55.25,109.54,-109.78,19.79,-66.97,0,0.09,0.09,222.07,128.07,1410.09,NA,6.54,-1.18,-0.18,7.14,654.65,-13.82,-13.86,NA,4.97,71.33,338.12,11.29,144.1,56.61,0.03,0.13,0.27,1830.37,163.17,1663.88,234.6,0.92,11.77,12.77,14.18,92.17,12.69,0.1,3683.54,0,14.51,18.37
4.73,96.78,2.37,0.13,0.96,1.04,182.16,139.86,169.5,14.46,0.95,19.43,20.45,16.58,95.11,5.33,4.59,7998.4,0,5.93,86.39,29.83,99.48,13.78,0.08,1.36,1.43,168.2,145.48,114.91,8.3,0.7,2.33,3.33,43.38,70.01,43.12,38.45,NA,0,6.26,27.07,18.24,98.73,12.87,0.03,1.2,1.2,257.71,233.15,204.97,0.12,0.82,4.41,5.41,33.58,81.53,23.19,5.7,32545.96,0,10.84,41.03
62.33,97.78,24.14,2.01,2.22,2.22,140.96,10.64,50.53,0,0.36,0.57,1.57,64.09,36.25,186.06,3.32,NA,0,0.68,2.08,4.38,4.52,1.42,13.2,21.4,21.4,118,29.08,3.55,NA,0.03,0.03,1.03,6.81,3.06,143.17,2.81,NA,0,0.79,27.01,4.4,4.41,2.12,160.55,166.77,166.77,176.02,4.03,0.65,NA,0,0,1,7.96,0.42,4091.06,2.68,41919,0,1.72,14.79
0.02,0.36,0,0.46,1.04,1.05,53.43,28.52,49.12,0.18,0.94,15.63,16.63,44.11,93.99,1.72,2.23,NA,0,6.47,93.78,0.14,0.79,0.04,0.15,1.2,1.2,100.8,78.08,74.49,NA,0.77,4.25,5.51,82.29,81.85,7.11,1.74,NA,0,22.75,90.62,0.15,0.29,0.04,0.54,2.23,2.23,86.84,43.34,25.7,NA,0.34,0.66,1.95,152.42,48.64,37.15,1.57,10536.13,0,36.23,87.67
-6.99,-66.68,-3.13,0.03,0.89,0.89,163.02,112.71,103.94,NA,0.9,8.54,9.54,27.54,89.51,-4.73,1.03,13925.51,16.83,15.46,75.63,-3.51,-53.69,-1.79,0.02,0.78,0.78,185.83,122.16,100.55,0,0.93,14.3,15.3,27.98,93.46,1.04,0.34,15804.44,33.52,16.08,82.25,2.25,26.59,0.76,0.01,0.71,0.71,123.18,77.11,84.47,NA,0.92,10.84,11.84,23.82,91.55,3.02,0.25,12979.41,20.31,7.28,72.32
12.99,17.74,2.39,1.66,2.75,3.73,44.84,19.23,17.72,17.74,0.27,0.37,1.37,12.99,26.78,48.5,NA,NA,0,0,0,8.35,18.67,1.23,0.25,1.45,1.71,53.79,34.35,28.56,7.4,0.54,1.2,2.23,15.53,55.25,29.87,5.35,NA,0,1.06,24.97,33.03,60.69,5,1.47,2.21,2.4,55.21,13.74,18.59,3.62,0.44,0.82,1.84,55.5,45.58,88.82,3.64,33740,0,3.4,31.19
19.02,68.72,6.14,0.38,1.54,1.54,117.55,74.82,64.58,0,0.72,2.61,3.61,35.73,72.33,36.24,3.03,NA,0,5.4,34.28,3.99,15.15,1.91,0.26,1.53,1.53,174.23,104.84,82.55,NA,0.74,2.8,3.8,19.1,73.65,16.01,2.29,NA,0,7.23,52.3,1.57,6.31,1.15,0.05,1.15,1.15,265.69,151.14,137.84,NA,0.64,2.56,4.01,17.15,75.06,16.78,1.58,25562.19,0,11.34,51.95
27.8,34.13,44.29,5.39,5.39,5.39,579.9,0,106.35,0,0.19,0.23,1.23,27.8,18.54,149.9,NA,NA,0,0,0,-57.48,-58.48,NA,53.58,58.32,58.32,NA,NA,NA,NA,0.02,0.02,1.02,-57.48,1.71,-3352,NA,NA,0,NA,0,-4.75,-4.75,NA,NA,NA,NA,NA,NA,NA,NA,NA,NA,1,-4.75,0,NA,NA,NA,0,NA,NA
